"","primer","Depth","env_broad_scale","env_local_scale","env_medium","geo_loc_name","Sample.Name","RepGroup","ammonium","nitrate","diss_oxygen","ph","lake","info","depth","temp","conductivity","ChlA","turbidity","PAR","DRP","is_delta","latitude","longitude","BioProject","BioSample","BioSampleModel","Collection_Date","Experiment","geo_loc_name_country","geo_loc_name_country_continent","lat_lon","Library.Name","Organism","SRA.Study","elev","tot_org_carb","calcium","Chloride","magnesium","org_carb","sulfate","diss_org_carb","Salinity","potassium","sodium","TEMP","altitude"
"SRR3931290","E527F_E1009R","deep","Ward_Hunt_Lake","Ice-Covered Lake","mat","Canada","WH_deep_mat_RNA_1","WH_deep_mat",NA,NA,81,7.67,NA,NA,10,5.05,309,NA,NA,NA,NA,NA,NA,NA,"PRJNA329332","SAMN05413969","Metagenome or environmental","15/07/2015","SRX1960757","Canada","North America","83.05 N 74.08 W","DB1_RNA_Euk","microbial mat metagenome","SRP078933",NA,NA,NA,NA,NA,NA,NA,NA,NA,NA,NA,NA,NA
"SRR3931291","E527F_E1009R","shallow","Ward_Hunt_Lake","Ice-Covered Lake","mat","Canada","WH_shallow_mat_RNA_1","WH_shallow_mat",NA,NA,143.9,7.91,NA,NA,6,5.72,302,NA,NA,NA,NA,NA,NA,NA,"PRJNA329332","SAMN05413970","Metagenome or environmental","21/07/2015","SRX1960758","Canada","North America","83.05 N 74.10 W","SB1_RNA_Euk","microbial mat metagenome","SRP078933",NA,NA,NA,NA,NA,NA,NA,NA,NA,NA,NA,NA,NA
"SRR3931293","E527F_E1009R","surface","Ward_Hunt_Lake","Ice-Covered Lake","mat","Canada","WH_littoral_mat_RNA_1","WH_littoral_mat",NA,NA,97.6,8.66,NA,NA,0.2,0.11,41,NA,NA,NA,NA,NA,NA,NA,"PRJNA329332","SAMN05413971","Metagenome or environmental","19/07/2015","SRX1960760","Canada","North America","83.05 N 74.09 W","L1_RNA_Euk","microbial mat metagenome","SRP078933",NA,NA,NA,NA,NA,NA,NA,NA,NA,NA,NA,NA,NA
"SRR3931294","E527F_E1009R","deep","Ward_Hunt_Lake","Ice-Covered Lake","mat","Canada","WH_deep_mat_RNA_2","WH_deep_mat",NA,NA,81,7.67,NA,NA,10,5.05,309,NA,NA,NA,NA,NA,NA,NA,"PRJNA329332","SAMN05413973","Metagenome or environmental","15/07/2015","SRX1960761","Canada","North America","83.05 N 74.08 W","DB2_RNA_Euk","microbial mat metagenome","SRP078933",NA,NA,NA,NA,NA,NA,NA,NA,NA,NA,NA,NA,NA
"SRR3931295","E527F_E1009R","shallow","Ward_Hunt_Lake","Ice-Covered Lake","mat","Canada","WH_shallow_mat_RNA_2","WH_shallow_mat",NA,NA,143.9,7.91,NA,NA,6,5.72,302,NA,NA,NA,NA,NA,NA,NA,"PRJNA329332","SAMN05413974","Metagenome or environmental","21/07/2015","SRX1960762","Canada","North America","83.05 N 74.10 W","SB2_RNA_Euk","microbial mat metagenome","SRP078933",NA,NA,NA,NA,NA,NA,NA,NA,NA,NA,NA,NA,NA
"SRR3931296","E527F_E1009R","surface","Ward_Hunt_Lake","Ice-Covered Lake","mat","Canada","WH_littoral_mat_RNA_2","WH_littoral_mat",NA,NA,97.6,8.66,NA,NA,0.2,0.11,41,NA,NA,NA,NA,NA,NA,NA,"PRJNA329332","SAMN05413975","Metagenome or environmental","19/07/2015","SRX1960763","Canada","North America","83.05 N 74.09 W","L2_RNA_Euk","microbial mat metagenome","SRP078933",NA,NA,NA,NA,NA,NA,NA,NA,NA,NA,NA,NA,NA
"SRR3931297","E527F_E1009R","deep","Ward_Hunt_Lake","Ice-Covered Lake","mat","Canada","WH_deep_mat_RNA_3","WH_deep_mat",NA,NA,81,7.67,NA,NA,10,5.05,309,NA,NA,NA,NA,NA,NA,NA,"PRJNA329332","SAMN05413976","Metagenome or environmental","15/07/2015","SRX1960764","Canada","North America","83.05 N 74.08 W","DB3_RNA_Euk","microbial mat metagenome","SRP078933",NA,NA,NA,NA,NA,NA,NA,NA,NA,NA,NA,NA,NA
"SRR3931298","E527F_E1009R","shallow","Ward_Hunt_Lake","Ice-Covered Lake","mat","Canada","WH_shallow_mat_RNA_3","WH_shallow_mat",NA,NA,143.9,7.91,NA,NA,6,5.72,302,NA,NA,NA,NA,NA,NA,NA,"PRJNA329332","SAMN05413977","Metagenome or environmental","21/07/2015","SRX1960765","Canada","North America","83.05 N 74.10 W","SB3_RNA_Euk","microbial mat metagenome","SRP078933",NA,NA,NA,NA,NA,NA,NA,NA,NA,NA,NA,NA,NA
"SRR3931299","E527F_E1009R","surface","Ward_Hunt_Lake","Ice-Covered Lake","mat","Canada","WH_littoral_mat_RNA_3","WH_littoral_mat",NA,NA,97.6,8.66,NA,NA,0.2,0.11,41,NA,NA,NA,NA,NA,NA,NA,"PRJNA329332","SAMN05413978","Metagenome or environmental","19/07/2015","SRX1960766","Canada","North America","83.05 N 74.09 W","L3_RNA_Euk","microbial mat metagenome","SRP078933",NA,NA,NA,NA,NA,NA,NA,NA,NA,NA,NA,NA,NA
"SRR3931300","E527F_E1009R","deep","Ward_Hunt_Lake","Ice-Covered Lake","mat","Canada","WH_deep_mat_1","WH_deep_mat",NA,NA,81,7.67,NA,NA,10,5.05,309,NA,NA,NA,NA,NA,NA,NA,"PRJNA329332","SAMN05414731","Metagenome or environmental","15/07/2015","SRX1960767","Canada","North America","83.05 N 74.08 W","DB1_DNA_Euk","microbial mat metagenome","SRP078933",NA,NA,NA,NA,NA,NA,NA,NA,NA,NA,NA,NA,NA
"SRR3931301","E527F_E1009R","shallow","Ward_Hunt_Lake","Ice-Covered Lake","mat","Canada","WH_shallow_mat_1","WH_shallow_mat",NA,NA,143.9,7.91,NA,NA,6,5.2,302,NA,NA,NA,NA,NA,NA,NA,"PRJNA329332","SAMN05414732","Metagenome or environmental","21/07/2015","SRX1960768","Canada","North America","83.05 N 74.10 W","SB1_DNA_Euk","microbial mat metagenome","SRP078933",NA,NA,NA,NA,NA,NA,NA,NA,NA,NA,NA,NA,NA
"SRR3931302","E527F_E1009R","surface","Ward_Hunt_Lake","Ice-Covered Lake","mat","Canada","WH_littoral_mat_1","WH_littoral_mat",NA,NA,97.6,8.66,NA,NA,0.2,0.11,41,NA,NA,NA,NA,NA,NA,NA,"PRJNA329332","SAMN05414733","Metagenome or environmental","19/07/2015","SRX1960769","Canada","North America","83.05 N 74.09 W","L1_DNA_Euk","microbial mat metagenome","SRP078933",NA,NA,NA,NA,NA,NA,NA,NA,NA,NA,NA,NA,NA
"SRR3931304","E527F_E1009R","deep","Ward_Hunt_Lake","Ice-Covered Lake","mat","Canada","WH_deep_mat_2","WH_deep_mat",NA,NA,81,7.67,NA,NA,10,5.05,309,NA,NA,NA,NA,NA,NA,NA,"PRJNA329332","SAMN05414737","Metagenome or environmental","15/07/2015","SRX1960771","Canada","North America","83.05 N 74.08 W","DB2_DNA_Euk","microbial mat metagenome","SRP078933",NA,NA,NA,NA,NA,NA,NA,NA,NA,NA,NA,NA,NA
"SRR3931305","E527F_E1009R","shallow","Ward_Hunt_Lake","Ice-Covered Lake","mat","Canada","WH_shallow_mat_2","WH_shallow_mat",NA,NA,143.9,7.91,NA,NA,6,5.72,302,NA,NA,NA,NA,NA,NA,NA,"PRJNA329332","SAMN05414738","Metagenome or environmental","21/07/2015","SRX1960772","Canada","North America","83.05 N 74.10 W","SB2_DNA_Euk","microbial mat metagenome","SRP078933",NA,NA,NA,NA,NA,NA,NA,NA,NA,NA,NA,NA,NA
"SRR3931306","E527F_E1009R","surface","Ward_Hunt_Lake","Ice-Covered Lake","mat","Canada","WH_littoral_mat_2","WH_littoral_mat",NA,NA,97.6,8.66,NA,NA,0.2,0.11,41,NA,NA,NA,NA,NA,NA,NA,"PRJNA329332","SAMN05414739","Metagenome or environmental","19/07/2015","SRX1960773","Canada","North America","83.05 N 74.09 W","L2_DNA_Euk","microbial mat metagenome","SRP078933",NA,NA,NA,NA,NA,NA,NA,NA,NA,NA,NA,NA,NA
"SRR3931307","E527F_E1009R","deep","Ward_Hunt_Lake","Ice-Covered Lake","mat","Canada","WH_deep_mat_3","WH_deep_mat",NA,NA,81,7.67,NA,NA,10,5.05,309,NA,NA,NA,NA,NA,NA,NA,"PRJNA329332","SAMN05414740","Metagenome or environmental","15/07/2015","SRX1960774","Canada","North America","83.05 N 74.08 W","DB3_DNA_Euk","microbial mat metagenome","SRP078933",NA,NA,NA,NA,NA,NA,NA,NA,NA,NA,NA,NA,NA
"SRR3931308","E527F_E1009R","shallow","Ward_Hunt_Lake","Ice-Covered Lake","mat","Canada","WH_shallow_mat_3","WH_shallow_mat",NA,NA,143.9,7.91,NA,NA,6,5.72,302,NA,NA,NA,NA,NA,NA,NA,"PRJNA329332","SAMN05414741","Metagenome or environmental","21/07/2015","SRX1960775","Canada","North America","83.05 N 74.10 W","SB3_DNA_Euk","microbial mat metagenome","SRP078933",NA,NA,NA,NA,NA,NA,NA,NA,NA,NA,NA,NA,NA
"SRR3931309","E527F_E1009R","surface","Ward_Hunt_Lake","Ice-Covered Lake","mat","Canada","WH_littoral_mat_3","WH_littoral_mat",NA,NA,97.6,8.66,NA,NA,0.2,0.11,41,NA,NA,NA,NA,NA,NA,NA,"PRJNA329332","SAMN05414742","Metagenome or environmental","19/07/2015","SRX1960776","Canada","North America","83.05 N 74.09 W","L3_DNA_Euk","microbial mat metagenome","SRP078933",NA,NA,NA,NA,NA,NA,NA,NA,NA,NA,NA,NA,NA
"SRR5837713","E527F_E1009R","surface","Ward_Hunt_Lake","Ice-Covered Lake","water","Canada","WH_water_track_3","WH_water_track",NA,NA,NA,NA,NA,NA,NA,NA,NA,NA,NA,NA,NA,NA,NA,NA,"PRJNA329332","SAMN07198396","Metagenome or environmental","05/08/2014","SRX3014244","Canada","North America","83.0882 N 74.1669 W","WHIWaTracDNAEuk3","aquatic metagenome","SRP078933",NA,NA,NA,NA,NA,NA,NA,NA,NA,NA,NA,NA,NA
"SRR5837714","E527F_E1009R","surface","Ward_Hunt_Lake","Ice-Covered Lake","water","Canada","WH_snow_pack_3","WH_snow_pack",NA,NA,109.3,NA,NA,NA,0,0.15,69.9,NA,NA,NA,NA,NA,NA,NA,"PRJNA329332","SAMN07198395","Metagenome or environmental","04/08/2014","SRX3014243","Canada","North America","83.0872 N 74.1924 W","WHISnowcDNAEuk3","aquatic metagenome","SRP078933",NA,NA,NA,NA,NA,NA,NA,NA,NA,NA,NA,NA,NA
"SRR5837716","E527F_E1009R","shallow","Ward_Hunt_Lake","Ice-Covered Lake","water","Canada","WH_epilimnion_1","WH_epilimnion",NA,NA,92.8,NA,NA,NA,2,1.22,158,NA,NA,NA,NA,NA,NA,NA,"PRJNA329332","SAMN07198385","Metagenome or environmental","05/08/2014","SRX3014241","Canada","North America","83.0874 N 74.148 W","WHILakEpicDNAEuk1","aquatic metagenome","SRP078933",NA,NA,NA,NA,NA,NA,NA,NA,NA,NA,NA,NA,NA
"SRR5837717","E527F_E1009R","surface","Ward_Hunt_Lake","Ice-Covered Lake","water","Canada","WH_water_track_2","WH_water_track",NA,NA,NA,NA,NA,NA,NA,NA,NA,NA,NA,NA,NA,NA,NA,NA,"PRJNA329332","SAMN07198390","Metagenome or environmental","05/08/2014","SRX3014240","Canada","North America","83.0897 N 74.2146 W","WHIWaTracDNAEuk2","aquatic metagenome","SRP078933",NA,NA,NA,NA,NA,NA,NA,NA,NA,NA,NA,NA,NA
"SRR5837718","E527F_E1009R","surface","Ward_Hunt_Lake","Ice-Covered Lake","water","Canada","WH_snow_pack_2","WH_snow_pack",NA,NA,109.3,NA,NA,NA,0,0.15,69.9,NA,NA,NA,NA,NA,NA,NA,"PRJNA329332","SAMN07198389","Metagenome or environmental","04/08/2014","SRX3014239","Canada","North America","83.088 N 74.1893 W","WHISnowcDNAEuk2","aquatic metagenome","SRP078933",NA,NA,NA,NA,NA,NA,NA,NA,NA,NA,NA,NA,NA
"SRR5837719","E527F_E1009R","deep","Ward_Hunt_Lake","Ice-Covered Lake","water","Canada","WH_hypolimnion_2","WH_hypolimnion",NA,NA,58.8,NA,NA,NA,9.2,4.9,278,NA,NA,NA,NA,NA,NA,NA,"PRJNA329332","SAMN07198392","Metagenome or environmental","06/08/2014","SRX3014238","Canada","North America","83.0873 N 74.1484 W","WHILakHypocDNAEuk2","aquatic metagenome","SRP078933",NA,NA,NA,NA,NA,NA,NA,NA,NA,NA,NA,NA,NA
"SRR5837721","E527F_E1009R","shallow","Ward_Hunt_Lake","Ice-Covered Lake","water","Canada","WH_epilimnion_2","WH_epilimnion",NA,NA,92.8,NA,NA,NA,2,1.22,158,NA,NA,NA,NA,NA,NA,NA,"PRJNA329332","SAMN07198391","Metagenome or environmental","05/08/2014","SRX3014236","Canada","North America","83.0874 N 74.1484 W","WHILakEpicDNAEuk2","aquatic metagenome","SRP078933",NA,NA,NA,NA,NA,NA,NA,NA,NA,NA,NA,NA,NA
"SRR5837732","E527F_E1009R","shallow","Ward_Hunt_Lake","Ice-Covered Lake","water","Canada","WH_lake_outlet_1","WH_lake_outlet",NA,NA,NA,NA,NA,NA,NA,NA,NA,NA,NA,NA,NA,NA,NA,NA,"PRJNA329332","SAMN07198387","Metagenome or environmental","06/08/2014","SRX3014225","Canada","North America","83.1629 N 74.19445 W","WHILakOutcDNAEuk1","aquatic metagenome","SRP078933",NA,NA,NA,NA,NA,NA,NA,NA,NA,NA,NA,NA,NA
"SRR5837733","E527F_E1009R","mid","Ward_Hunt_Lake","Ice-Covered Lake","water","Canada","WH_mixolimnion_1","WH_mixolimnion",NA,NA,55.6,NA,NA,NA,5.5,5.25,251,NA,NA,NA,NA,NA,NA,NA,"PRJNA329332","SAMN07198388","Metagenome or environmental","07/08/2014","SRX3014224","Canada","North America","83.0729 N 74.2312 W","WHIMixAOcDNAEuk1","aquatic metagenome","SRP078933",NA,NA,NA,NA,NA,NA,NA,NA,NA,NA,NA,NA,NA
"SRR5837734","E527F_E1009R","shallow","Ward_Hunt_Lake","Ice-Covered Lake","water","Canada","WH_lake_outlet_3","WH_lake_outlet",NA,NA,NA,NA,NA,NA,NA,NA,NA,NA,NA,NA,NA,NA,NA,NA,"PRJNA329332","SAMN07198399","Metagenome or environmental","06/08/2014","SRX3014223","Canada","North America","83.163 N 74.1989 W","WHILakOutcDNAEuk3","aquatic metagenome","SRP078933",NA,NA,NA,NA,NA,NA,NA,NA,NA,NA,NA,NA,NA
"SRR5837735","E527F_E1009R","mid","Ward_Hunt_Lake","Ice-Covered Lake","water","Canada","WH_mixolimnion_3","WH_mixolimnion",NA,NA,55.6,NA,NA,NA,5.5,5.25,251,NA,NA,NA,NA,NA,NA,NA,"PRJNA329332","SAMN07198400","Metagenome or environmental","07/08/2014","SRX3014222","Canada","North America","83.0721 N 74.2266 W","WHIMixAOcDNAEuk3","aquatic metagenome","SRP078933",NA,NA,NA,NA,NA,NA,NA,NA,NA,NA,NA,NA,NA
"SRR5837737","E527F_E1009R","surface","Ward_Hunt_Lake","Ice-Covered Lake","water","Canada","WH_snow_pack_1","WH_snow_pack",NA,NA,109.3,NA,NA,NA,0,0.15,69.9,NA,NA,NA,NA,NA,NA,NA,"PRJNA329332","SAMN07198383","Metagenome or environmental","04/08/2014","SRX3014220","Canada","North America","83.0887 N 74.1885 W","WHISnowcDNAEuk1","aquatic metagenome","SRP078933",NA,NA,NA,NA,NA,NA,NA,NA,NA,NA,NA,NA,NA
"SRR5837738","E527F_E1009R","surface","Ward_Hunt_Lake","Ice-Covered Lake","water","Canada","WH_water_track_1","WH_water_track",NA,NA,NA,NA,NA,NA,NA,NA,NA,NA,NA,NA,NA,NA,NA,NA,"PRJNA329332","SAMN07198384","Metagenome or environmental","05/08/2014","SRX3014219","Canada","North America","83.0887 N 74.1741 W","WHIWaTracDNAEuk1","aquatic metagenome","SRP078933",NA,NA,NA,NA,NA,NA,NA,NA,NA,NA,NA,NA,NA
"SRR5837745","E527F_E1009R","deep","Ward_Hunt_Lake","Ice-Covered Lake","water","Canada","WH_hypolimnion_1","WH_hypolimnion",NA,NA,58.8,NA,NA,NA,9.2,4.9,278,NA,NA,NA,NA,NA,NA,NA,"PRJNA329332","SAMN07198386","Metagenome or environmental","06/08/2014","SRX3014212","Canada","North America","83.0874 N 74.148 W","WHILakHypocDNAEuk1","aquatic metagenome","SRP078933",NA,NA,NA,NA,NA,NA,NA,NA,NA,NA,NA,NA,NA
"SRR5837752","E527F_E1009R","deep","Ward_Hunt_Lake","Ice-Covered Lake","water","Canada","WH_hypolimnion_3","WH_hypolimnion",NA,NA,58.8,NA,NA,NA,9.2,4.9,278,NA,NA,NA,NA,NA,NA,NA,"PRJNA329332","SAMN07198398","Metagenome or environmental","06/08/2014","SRX3014205","Canada","North America","83.0874 N 74.1482 W","WHILakHypocDNAEuk3","aquatic metagenome","SRP078933",NA,NA,NA,NA,NA,NA,NA,NA,NA,NA,NA,NA,NA
"SRR5837753","E527F_E1009R","shallow","Ward_Hunt_Lake","Ice-Covered Lake","water","Canada","WH_epilimnion_3","WH_epilimnion",NA,NA,92.8,NA,NA,NA,2,1.22,158,NA,NA,NA,NA,NA,NA,NA,"PRJNA329332","SAMN07198397","Metagenome or environmental","05/08/2014","SRX3014204","Canada","North America","83.0874 N 74.1482 W","WHILakEpicDNAEuk3","aquatic metagenome","SRP078933",NA,NA,NA,NA,NA,NA,NA,NA,NA,NA,NA,NA,NA
"SRR5837762","E527F_E1009R","mid","Ward_Hunt_Lake","Ice-Covered Lake","water","Canada","WH_mixolimnion_2","WH_mixolimnion",NA,NA,55.6,NA,NA,NA,5.5,5.25,251,NA,NA,NA,NA,NA,NA,NA,"PRJNA329332","SAMN07198394","Metagenome or environmental","07/08/2014","SRX3014195","Canada","North America","83.0735 N 74.2374 W","WHIMixAOcDNAEuk2","aquatic metagenome","SRP078933",NA,NA,NA,NA,NA,NA,NA,NA,NA,NA,NA,NA,NA
"SRR5837763","E527F_E1009R","shallow","Ward_Hunt_Lake","Ice-Covered Lake","water","Canada","WH_lake_outlet_2","WH_lake_outlet",NA,NA,NA,NA,NA,NA,NA,NA,NA,NA,NA,NA,NA,NA,NA,NA,"PRJNA329332","SAMN07198393","Metagenome or environmental","06/08/2014","SRX3014194","Canada","North America","83.163 N 74.1989 W","WHILakOutcDNAEuk2","aquatic metagenome","SRP078933",NA,NA,NA,NA,NA,NA,NA,NA,NA,NA,NA,NA,NA
"SRR17879716","E527F_E1009R","surface","Sheldrake_River","River","water","Canada","R9_DNA_small","Sheldrake_River_9",NA,NA,NA,NA,NA,NA,NA,NA,NA,NA,NA,NA,NA,NA,NA,NA,"PRJNA803180","SAMN25638981","MIMARKS.survey,MIGS/MIMS/MIMARKS.water","27/08/2019","SRX14039142","Canada","North America","56.629550 N 76.529700 W","R9.DNA.S.18S","freshwater metagenome","SRP358197",NA,NA,NA,NA,NA,NA,NA,NA,NA,NA,NA,NA,NA
"SRR17879717","E527F_E1009R","surface","Sheldrake_River","River","water","Canada","R9_DNA_large","Sheldrake_River_9",NA,NA,NA,NA,NA,NA,NA,NA,NA,NA,NA,NA,NA,NA,NA,NA,"PRJNA803180","SAMN25638980","MIMARKS.survey,MIGS/MIMS/MIMARKS.water","27/08/2019","SRX14039141","Canada","North America","56.629550 N 76.529700 W","R9.DNA.L.18S","freshwater metagenome","SRP358197",NA,NA,NA,NA,NA,NA,NA,NA,NA,NA,NA,NA,NA
"SRR17879718","E527F_E1009R","surface","Sheldrake_River","River","water","Canada","R8_RNA_small","Sheldrake_River_8",NA,NA,NA,NA,NA,NA,NA,NA,NA,NA,NA,NA,NA,NA,NA,NA,"PRJNA803180","SAMN25638979","MIMARKS.survey,MIGS/MIMS/MIMARKS.water","26/08/2019","SRX14039140","Canada","North America","56.628333 N 76.493417 W","R8.RNA.S.18S","freshwater metagenome","SRP358197",NA,NA,NA,NA,NA,NA,NA,NA,NA,NA,NA,NA,NA
"SRR17879719","E527F_E1009R","surface","Sheldrake_River","River","water","Canada","R8_RNA_large","Sheldrake_River_8",NA,NA,NA,NA,NA,NA,NA,NA,NA,NA,NA,NA,NA,NA,NA,NA,"PRJNA803180","SAMN25638978","MIMARKS.survey,MIGS/MIMS/MIMARKS.water","26/08/2019","SRX14039139","Canada","North America","56.628333 N 76.493417 W","R8.RNA.L.18S","freshwater metagenome","SRP358197",NA,NA,NA,NA,NA,NA,NA,NA,NA,NA,NA,NA,NA
"SRR17879720","E527F_E1009R","surface","Sheldrake_River","River","water","Canada","R8_DNA_small","Sheldrake_River_8",NA,NA,NA,NA,NA,NA,NA,NA,NA,NA,NA,NA,NA,NA,NA,NA,"PRJNA803180","SAMN25638977","MIMARKS.survey,MIGS/MIMS/MIMARKS.water","26/08/2019","SRX14039138","Canada","North America","56.628333 N 76.493417 W","R8.DNA.S.18S","freshwater metagenome","SRP358197",NA,NA,NA,NA,NA,NA,NA,NA,NA,NA,NA,NA,NA
"SRR17879721","E527F_E1009R","surface","Sheldrake_River","River","water","Canada","R8_DNA_large","Sheldrake_River_8",NA,NA,NA,NA,NA,NA,NA,NA,NA,NA,NA,NA,NA,NA,NA,NA,"PRJNA803180","SAMN25638976","MIMARKS.survey,MIGS/MIMS/MIMARKS.water","26/08/2019","SRX14039137","Canada","North America","56.628333 N 76.493417 W","R8.DNA.L.18S","freshwater metagenome","SRP358197",NA,NA,NA,NA,NA,NA,NA,NA,NA,NA,NA,NA,NA
"SRR17879722","E527F_E1009R","surface","Sheldrake_River","River","water","Canada","R7_RNA_small","Sheldrake_River_7",NA,NA,NA,NA,NA,NA,NA,NA,NA,NA,NA,NA,NA,NA,NA,NA,"PRJNA803180","SAMN25638975","MIMARKS.survey,MIGS/MIMS/MIMARKS.water","25/08/2019","SRX14039136","Canada","North America","56.624217 N 76.438467 W","R7.RNA.S.18S","freshwater metagenome","SRP358197",NA,NA,NA,NA,NA,NA,NA,NA,NA,NA,NA,NA,NA
"SRR17879723","E527F_E1009R","surface","Sheldrake_River","River","water","Canada","R7_RNA_large","Sheldrake_River_7",NA,NA,NA,NA,NA,NA,NA,NA,NA,NA,NA,NA,NA,NA,NA,NA,"PRJNA803180","SAMN25638974","MIMARKS.survey,MIGS/MIMS/MIMARKS.water","25/08/2019","SRX14039135","Canada","North America","56.624217 N 76.438467 W","R7.RNA.L.18S","freshwater metagenome","SRP358197",NA,NA,NA,NA,NA,NA,NA,NA,NA,NA,NA,NA,NA
"SRR17879724","E527F_E1009R","surface","Sheldrake_River","River","water","Canada","R7_DNA_small","Sheldrake_River_7",NA,NA,NA,NA,NA,NA,NA,NA,NA,NA,NA,NA,NA,NA,NA,NA,"PRJNA803180","SAMN25638973","MIMARKS.survey,MIGS/MIMS/MIMARKS.water","25/08/2019","SRX14039134","Canada","North America","56.624217 N 76.438467 W","R7.DNA.S.18S","freshwater metagenome","SRP358197",NA,NA,NA,NA,NA,NA,NA,NA,NA,NA,NA,NA,NA
"SRR17879725","E527F_E1009R","surface","Sheldrake_River","River","water","Canada","R7_DNA_large","Sheldrake_River_7",NA,NA,NA,NA,NA,NA,NA,NA,NA,NA,NA,NA,NA,NA,NA,NA,"PRJNA803180","SAMN25638972","MIMARKS.survey,MIGS/MIMS/MIMARKS.water","25/08/2019","SRX14039133","Canada","North America","56.624217 N 76.438467 W","R7.DNA.L.18S","freshwater metagenome","SRP358197",NA,NA,NA,NA,NA,NA,NA,NA,NA,NA,NA,NA,NA
"SRR17879727","E527F_E1009R","surface","Sheldrake_River","River","water","Canada","R6_RNA_small","Sheldrake_River_6",NA,NA,NA,NA,NA,NA,NA,NA,NA,NA,NA,NA,NA,NA,NA,NA,"PRJNA803180","SAMN25638971","MIMARKS.survey,MIGS/MIMS/MIMARKS.water","26/08/2019","SRX14039131","Canada","North America","56.620233 N 76.382383 W","R6.RNA.S.18S","freshwater metagenome","SRP358197",NA,NA,NA,NA,NA,NA,NA,NA,NA,NA,NA,NA,NA
"SRR17879728","E527F_E1009R","surface","Sheldrake_River","River","water","Canada","R6_RNA_large","Sheldrake_River_6",NA,NA,NA,NA,NA,NA,NA,NA,NA,NA,NA,NA,NA,NA,NA,NA,"PRJNA803180","SAMN25638970","MIMARKS.survey,MIGS/MIMS/MIMARKS.water","26/08/2019","SRX14039130","Canada","North America","56.620233 N 76.382383 W","R6.RNA.L.18S","freshwater metagenome","SRP358197",NA,NA,NA,NA,NA,NA,NA,NA,NA,NA,NA,NA,NA
"SRR17879729","E527F_E1009R","surface","Sheldrake_River","River","water","Canada","R6_DNA_small","Sheldrake_River_6",NA,NA,NA,NA,NA,NA,NA,NA,NA,NA,NA,NA,NA,NA,NA,NA,"PRJNA803180","SAMN25638969","MIMARKS.survey,MIGS/MIMS/MIMARKS.water","26/08/2019","SRX14039129","Canada","North America","56.620233 N 76.382383 W","R6.DNA.S.18S","freshwater metagenome","SRP358197",NA,NA,NA,NA,NA,NA,NA,NA,NA,NA,NA,NA,NA
"SRR17879755","E527F_E1009R","surface","Hudson_Bay","Bay","water","Canada","B_RNA_small","Hudson_Bay",NA,NA,NA,NA,NA,NA,NA,NA,NA,NA,NA,NA,NA,NA,NA,NA,"PRJNA803180","SAMN25639007","MIMARKS.survey,MIGS/MIMS/MIMARKS.water","23/08/2019","SRX14039103","Canada","North America","56.627417 N 76.580983 W","B.RNA.S.18S","marine metagenome","SRP358197",NA,NA,NA,NA,NA,NA,NA,NA,NA,NA,NA,NA,NA
"SRR17879756","E527F_E1009R","surface","Hudson_Bay","Bay","water","Canada","B_RNA_large","Hudson_Bay",NA,NA,NA,NA,NA,NA,NA,NA,NA,NA,NA,NA,NA,NA,NA,NA,"PRJNA803180","SAMN25639006","MIMARKS.survey,MIGS/MIMS/MIMARKS.water","23/08/2019","SRX14039102","Canada","North America","56.627417 N 76.580983 W","B.RNA.L.18S","marine metagenome","SRP358197",NA,NA,NA,NA,NA,NA,NA,NA,NA,NA,NA,NA,NA
"SRR17879757","E527F_E1009R","surface","Hudson_Bay","Bay","water","Canada","B_DNA_small","Hudson_Bay",NA,NA,NA,NA,NA,NA,NA,NA,NA,NA,NA,NA,NA,NA,NA,NA,"PRJNA803180","SAMN25639005","MIMARKS.survey,MIGS/MIMS/MIMARKS.water","23/08/2019","SRX14039101","Canada","North America","56.627417 N 76.580983 W","B.DNA.S.18S","marine metagenome","SRP358197",NA,NA,NA,NA,NA,NA,NA,NA,NA,NA,NA,NA,NA
"SRR17879758","E527F_E1009R","surface","Sheldrake_River","River","water","Canada","R6_DNA_large","Sheldrake_River_6",NA,NA,NA,NA,NA,NA,NA,NA,NA,NA,NA,NA,NA,NA,NA,NA,"PRJNA803180","SAMN25638968","MIMARKS.survey,MIGS/MIMS/MIMARKS.water","26/08/2019","SRX14039100","Canada","North America","56.620233 N 76.382383 W","R6.DNA.L.18S","freshwater metagenome","SRP358197",NA,NA,NA,NA,NA,NA,NA,NA,NA,NA,NA,NA,NA
"SRR17879759","E527F_E1009R","surface","Sheldrake_River","River","water","Canada","R5_RNA_small","Sheldrake_River_5",NA,NA,NA,NA,NA,NA,NA,NA,NA,NA,NA,NA,NA,NA,NA,NA,"PRJNA803180","SAMN25638967","MIMARKS.survey,MIGS/MIMS/MIMARKS.water","27/08/2019","SRX14039099","Canada","North America","56.615750 N 76.339800 W","R5.RNA.S.18S","freshwater metagenome","SRP358197",NA,NA,NA,NA,NA,NA,NA,NA,NA,NA,NA,NA,NA
"SRR17879760","E527F_E1009R","surface","Sheldrake_River","River","water","Canada","R5_RNA_large","Sheldrake_River_5",NA,NA,NA,NA,NA,NA,NA,NA,NA,NA,NA,NA,NA,NA,NA,NA,"PRJNA803180","SAMN25638966","MIMARKS.survey,MIGS/MIMS/MIMARKS.water","27/08/2019","SRX14039098","Canada","North America","56.615750 N 76.339800 W","R5.RNA.L.18S","freshwater metagenome","SRP358197",NA,NA,NA,NA,NA,NA,NA,NA,NA,NA,NA,NA,NA
"SRR17879761","E527F_E1009R","surface","Sheldrake_River","River","water","Canada","R5_DNA_small","Sheldrake_River_5",NA,NA,NA,NA,NA,NA,NA,NA,NA,NA,NA,NA,NA,NA,NA,NA,"PRJNA803180","SAMN25638965","MIMARKS.survey,MIGS/MIMS/MIMARKS.water","27/08/2019","SRX14039097","Canada","North America","56.615750 N 76.339800 W","R5.DNA.S.18S","freshwater metagenome","SRP358197",NA,NA,NA,NA,NA,NA,NA,NA,NA,NA,NA,NA,NA
"SRR17879762","E527F_E1009R","surface","Sheldrake_River","River","water","Canada","R5_DNA_large","Sheldrake_River_5",NA,NA,NA,NA,NA,NA,NA,NA,NA,NA,NA,NA,NA,NA,NA,NA,"PRJNA803180","SAMN25638964","MIMARKS.survey,MIGS/MIMS/MIMARKS.water","27/08/2019","SRX14039096","Canada","North America","56.615750 N 76.339800 W","R5.DNA.L.18S","freshwater metagenome","SRP358197",NA,NA,NA,NA,NA,NA,NA,NA,NA,NA,NA,NA,NA
"SRR17879763","E527F_E1009R","surface","Sheldrake_River","River","water","Canada","R4_RNA_small","Sheldrake_River_4",NA,NA,NA,NA,NA,NA,NA,NA,NA,NA,NA,NA,NA,NA,NA,NA,"PRJNA803180","SAMN25638963","MIMARKS.survey,MIGS/MIMS/MIMARKS.water","27/08/2019","SRX14039095","Canada","North America","56.629867 N 76.282017 W","R4.RNA.S.18S","freshwater metagenome","SRP358197",NA,NA,NA,NA,NA,NA,NA,NA,NA,NA,NA,NA,NA
"SRR17879764","E527F_E1009R","surface","Sheldrake_River","River","water","Canada","R4_RNA_large","Sheldrake_River_4",NA,NA,NA,NA,NA,NA,NA,NA,NA,NA,NA,NA,NA,NA,NA,NA,"PRJNA803180","SAMN25638962","MIMARKS.survey,MIGS/MIMS/MIMARKS.water","27/08/2019","SRX14039094","Canada","North America","56.629867 N 76.282017 W","R4.RNA.L.18S","freshwater metagenome","SRP358197",NA,NA,NA,NA,NA,NA,NA,NA,NA,NA,NA,NA,NA
"SRR17879766","E527F_E1009R","surface","Sheldrake_River","River","water","Canada","R4_DNA_small","Sheldrake_River_4",NA,NA,NA,NA,NA,NA,NA,NA,NA,NA,NA,NA,NA,NA,NA,NA,"PRJNA803180","SAMN25638961","MIMARKS.survey,MIGS/MIMS/MIMARKS.water","27/08/2019","SRX14039092","Canada","North America","56.629867 N 76.282017 W","R4.DNA.S.18S","freshwater metagenome","SRP358197",NA,NA,NA,NA,NA,NA,NA,NA,NA,NA,NA,NA,NA
"SRR17879767","E527F_E1009R","surface","Sheldrake_River","River","water","Canada","R4_DNA_large","Sheldrake_River_4",NA,NA,NA,NA,NA,NA,NA,NA,NA,NA,NA,NA,NA,NA,NA,NA,"PRJNA803180","SAMN25638960","MIMARKS.survey,MIGS/MIMS/MIMARKS.water","27/08/2019","SRX14039091","Canada","North America","56.629867 N 76.282017 W","R4.DNA.L.18S","freshwater metagenome","SRP358197",NA,NA,NA,NA,NA,NA,NA,NA,NA,NA,NA,NA,NA
"SRR17879768","E527F_E1009R","surface","Sheldrake_River","River","water","Canada","R3_RNA_small","Sheldrake_River_3",NA,NA,NA,NA,NA,NA,NA,NA,NA,NA,NA,NA,NA,NA,NA,NA,"PRJNA803180","SAMN25638959","MIMARKS.survey,MIGS/MIMS/MIMARKS.water","26/08/2019","SRX14039090","Canada","North America","56.625150 N 76.248483 W","R3.RNA.S.18S","freshwater metagenome","SRP358197",NA,NA,NA,NA,NA,NA,NA,NA,NA,NA,NA,NA,NA
"SRR17879769","E527F_E1009R","surface","Sheldrake_River","River","water","Canada","R3_RNA_large","Sheldrake_River_3",NA,NA,NA,NA,NA,NA,NA,NA,NA,NA,NA,NA,NA,NA,NA,NA,"PRJNA803180","SAMN25638958","MIMARKS.survey,MIGS/MIMS/MIMARKS.water","26/08/2019","SRX14039089","Canada","North America","56.625150 N 76.248483 W","R3.RNA.L.18S","freshwater metagenome","SRP358197",NA,NA,NA,NA,NA,NA,NA,NA,NA,NA,NA,NA,NA
"SRR17879770","E527F_E1009R","surface","Sheldrake_River","River","water","Canada","R3_DNA_small","Sheldrake_River_3",NA,NA,NA,NA,NA,NA,NA,NA,NA,NA,NA,NA,NA,NA,NA,NA,"PRJNA803180","SAMN25638957","MIMARKS.survey,MIGS/MIMS/MIMARKS.water","26/08/2019","SRX14039088","Canada","North America","56.625150 N 76.248483 W","R3.DNA.S.18S","freshwater metagenome","SRP358197",NA,NA,NA,NA,NA,NA,NA,NA,NA,NA,NA,NA,NA
"SRR17879771","E527F_E1009R","surface","Sheldrake_River","River","water","Canada","R3_DNA_large","Sheldrake_River_3",NA,NA,NA,NA,NA,NA,NA,NA,NA,NA,NA,NA,NA,NA,NA,NA,"PRJNA803180","SAMN25638956","MIMARKS.survey,MIGS/MIMS/MIMARKS.water","26/08/2019","SRX14039087","Canada","North America","56.625150 N 76.248483 W","R3.DNA.L.18S","freshwater metagenome","SRP358197",NA,NA,NA,NA,NA,NA,NA,NA,NA,NA,NA,NA,NA
"SRR17879772","E527F_E1009R","surface","Sheldrake_River","River","water","Canada","R2_RNA_small","Sheldrake_River_2",NA,NA,NA,NA,NA,NA,NA,NA,NA,NA,NA,NA,NA,NA,NA,NA,"PRJNA803180","SAMN25638955","MIMARKS.survey,MIGS/MIMS/MIMARKS.water","25/08/2019","SRX14039086","Canada","North America","56.620050 N 76.216433 W","R2.RNA.S.18S","freshwater metagenome","SRP358197",NA,NA,NA,NA,NA,NA,NA,NA,NA,NA,NA,NA,NA
"SRR17879773","E527F_E1009R","surface","Sheldrake_River","River","water","Canada","R2_DNA_small","Sheldrake_River_2",NA,NA,NA,NA,NA,NA,NA,NA,NA,NA,NA,NA,NA,NA,NA,NA,"PRJNA803180","SAMN25638954","MIMARKS.survey,MIGS/MIMS/MIMARKS.water","25/08/2019","SRX14039085","Canada","North America","56.620050 N 76.216433 W","R2.DNA.S.18S","freshwater metagenome","SRP358197",NA,NA,NA,NA,NA,NA,NA,NA,NA,NA,NA,NA,NA
"SRR17879774","E527F_E1009R","surface","Sheldrake_River","River","water","Canada","R2_DNA_large","Sheldrake_River_2",NA,NA,NA,NA,NA,NA,NA,NA,NA,NA,NA,NA,NA,NA,NA,NA,"PRJNA803180","SAMN25638953","MIMARKS.survey,MIGS/MIMS/MIMARKS.water","25/08/2019","SRX14039084","Canada","North America","56.620050 N 76.216433 W","R2.DNA.L.18S","freshwater metagenome","SRP358197",NA,NA,NA,NA,NA,NA,NA,NA,NA,NA,NA,NA,NA
"SRR17879775","E527F_E1009R","surface","Sheldrake_River","River","water","Canada","R1_RNA_small","Sheldrake_River_1",NA,NA,NA,NA,NA,NA,NA,NA,NA,NA,NA,NA,NA,NA,NA,NA,"PRJNA803180","SAMN25638952","MIMARKS.survey,MIGS/MIMS/MIMARKS.water","26/08/2019","SRX14039083","Canada","North America","56.614600 N 76.174683 W","R1.RNA.S.18S","freshwater metagenome","SRP358197",NA,NA,NA,NA,NA,NA,NA,NA,NA,NA,NA,NA,NA
"SRR17879777","E527F_E1009R","surface","Sheldrake_River","River","water","Canada","R1_RNA_large","Sheldrake_River_1",NA,NA,NA,NA,NA,NA,NA,NA,NA,NA,NA,NA,NA,NA,NA,NA,"PRJNA803180","SAMN25638951","MIMARKS.survey,MIGS/MIMS/MIMARKS.water","26/08/2019","SRX14039081","Canada","North America","56.614600 N 76.174683 W","R1.RNA.L.18S","freshwater metagenome","SRP358197",NA,NA,NA,NA,NA,NA,NA,NA,NA,NA,NA,NA,NA
"SRR17879778","E527F_E1009R","surface","Sheldrake_River","River","water","Canada","R1_DNA_small","Sheldrake_River_1",NA,NA,NA,NA,NA,NA,NA,NA,NA,NA,NA,NA,NA,NA,NA,NA,"PRJNA803180","SAMN25638950","MIMARKS.survey,MIGS/MIMS/MIMARKS.water","26/08/2019","SRX14039080","Canada","North America","56.614600 N 76.174683 W","R1.DNA.S.18S","freshwater metagenome","SRP358197",NA,NA,NA,NA,NA,NA,NA,NA,NA,NA,NA,NA,NA
"SRR17879779","E527F_E1009R","surface","Sheldrake_River","River","water","Canada","R1_DNA_large","Sheldrake_River_1",NA,NA,NA,NA,NA,NA,NA,NA,NA,NA,NA,NA,NA,NA,NA,NA,"PRJNA803180","SAMN25638949","MIMARKS.survey,MIGS/MIMS/MIMARKS.water","26/08/2019","SRX14039079","Canada","North America","56.614600 N 76.174683 W","R1.DNA.L.18S","freshwater metagenome","SRP358197",NA,NA,NA,NA,NA,NA,NA,NA,NA,NA,NA,NA,NA
"SRR17879780","E527F_E1009R","surface","Sheldrake_Lake","Lake","water","Canada","L_RNA_small","Sheldrake_Lake",NA,NA,NA,NA,NA,NA,NA,NA,NA,NA,NA,NA,NA,NA,NA,NA,"PRJNA803180","SAMN25638948","MIMARKS.survey,MIGS/MIMS/MIMARKS.water","25/08/2019","SRX14039078","Canada","North America","56.616133 N 76.084350 W","L.RNA.S.18S","freshwater metagenome","SRP358197",NA,NA,NA,NA,NA,NA,NA,NA,NA,NA,NA,NA,NA
"SRR17879781","E527F_E1009R","surface","Sheldrake_Lake","Lake","water","Canada","L_RNA_large","Sheldrake_Lake",NA,NA,NA,NA,NA,NA,NA,NA,NA,NA,NA,NA,NA,NA,NA,NA,"PRJNA803180","SAMN25638947","MIMARKS.survey,MIGS/MIMS/MIMARKS.water","25/08/2019","SRX14039077","Canada","North America","56.616133 N 76.084350 W","L.RNA.L.18S","freshwater metagenome","SRP358197",NA,NA,NA,NA,NA,NA,NA,NA,NA,NA,NA,NA,NA
"SRR17879782","E527F_E1009R","surface","Sheldrake_Lake","Lake","water","Canada","L_DNA_small","Sheldrake_Lake",NA,NA,NA,NA,NA,NA,NA,NA,NA,NA,NA,NA,NA,NA,NA,NA,"PRJNA803180","SAMN25638946","MIMARKS.survey,MIGS/MIMS/MIMARKS.water","25/08/2019","SRX14039076","Canada","North America","56.616133 N 76.084350 W","L.DNA.S.18S","freshwater metagenome","SRP358197",NA,NA,NA,NA,NA,NA,NA,NA,NA,NA,NA,NA,NA
"SRR17879783","E527F_E1009R","surface","Sheldrake_Lake","Lake","water","Canada","L_DNA_large","Sheldrake_Lake",NA,NA,NA,NA,NA,NA,NA,NA,NA,NA,NA,NA,NA,NA,NA,NA,"PRJNA803180","SAMN25638945","MIMARKS.survey,MIGS/MIMS/MIMARKS.water","25/08/2019","SRX14039075","Canada","North America","56.616133 N 76.084350 W","L.DNA.L.18S","freshwater metagenome","SRP358197",NA,NA,NA,NA,NA,NA,NA,NA,NA,NA,NA,NA,NA
"SRR17879786","E527F_E1009R","surface","Hudson_Bay","Bay","water","Canada","B_DNA_large","Hudson_Bay",NA,NA,NA,NA,NA,NA,NA,NA,NA,NA,NA,NA,NA,NA,NA,NA,"PRJNA803180","SAMN25639004","MIMARKS.survey,MIGS/MIMS/MIMARKS.water","23/08/2019","SRX14039072","Canada","North America","56.627417 N 76.580983 W","B.DNA.L.18S","marine metagenome","SRP358197",NA,NA,NA,NA,NA,NA,NA,NA,NA,NA,NA,NA,NA
"SRR17879787","E527F_E1009R","surface","Hudson_Bay_Estuary","Estuary","water","Canada","P3_RNA_small","Hudson_Bay_Estuary_3",NA,NA,NA,NA,NA,NA,NA,NA,NA,NA,NA,NA,NA,NA,NA,NA,"PRJNA803180","SAMN25639003","MIMARKS.survey,MIGS/MIMS/MIMARKS.water","23/08/2019","SRX14039071","Canada","North America","56.634117 N 76.541389 W","P3.RNA.S.18S","estuary metagenome","SRP358197",NA,NA,NA,NA,NA,NA,NA,NA,NA,NA,NA,NA,NA
"SRR17879788","E527F_E1009R","surface","Hudson_Bay_Estuary","Estuary","water","Canada","P3_RNA_large","Hudson_Bay_Estuary_3",NA,NA,NA,NA,NA,NA,NA,NA,NA,NA,NA,NA,NA,NA,NA,NA,"PRJNA803180","SAMN25639002","MIMARKS.survey,MIGS/MIMS/MIMARKS.water","23/08/2019","SRX14039070","Canada","North America","56.634117 N 76.541389 W","P3.RNA.L.18S","estuary metagenome","SRP358197",NA,NA,NA,NA,NA,NA,NA,NA,NA,NA,NA,NA,NA
"SRR17879790","E527F_E1009R","surface","Hudson_Bay_Estuary","Estuary","water","Canada","P3_DNA_small","Hudson_Bay_Estuary_3",NA,NA,NA,NA,NA,NA,NA,NA,NA,NA,NA,NA,NA,NA,NA,NA,"PRJNA803180","SAMN25639001","MIMARKS.survey,MIGS/MIMS/MIMARKS.water","23/08/2019","SRX14039068","Canada","North America","56.634117 N 76.541389 W","P3.DNA.S.18S","estuary metagenome","SRP358197",NA,NA,NA,NA,NA,NA,NA,NA,NA,NA,NA,NA,NA
"SRR17879791","E527F_E1009R","surface","Hudson_Bay_Estuary","Estuary","water","Canada","P3_DNA_large","Hudson_Bay_Estuary_3",NA,NA,NA,NA,NA,NA,NA,NA,NA,NA,NA,NA,NA,NA,NA,NA,"PRJNA803180","SAMN25639000","MIMARKS.survey,MIGS/MIMS/MIMARKS.water","23/08/2019","SRX14039067","Canada","North America","56.634117 N 76.541389 W","P3.DNA.L.18S","estuary metagenome","SRP358197",NA,NA,NA,NA,NA,NA,NA,NA,NA,NA,NA,NA,NA
"SRR17879792","E527F_E1009R","surface","Hudson_Bay_Estuary","Estuary","water","Canada","P2_RNA_small","Hudson_Bay_Estuary_2",NA,NA,NA,NA,NA,NA,NA,NA,NA,NA,NA,NA,NA,NA,NA,NA,"PRJNA803180","SAMN25638999","MIMARKS.survey,MIGS/MIMS/MIMARKS.water","23/08/2019","SRX14039066","Canada","North America","56.631750 N 76.538967 W","P2.RNA.S.18S","estuary metagenome","SRP358197",NA,NA,NA,NA,NA,NA,NA,NA,NA,NA,NA,NA,NA
"SRR17879793","E527F_E1009R","surface","Hudson_Bay_Estuary","Estuary","water","Canada","P2_RNA_large","Hudson_Bay_Estuary_2",NA,NA,NA,NA,NA,NA,NA,NA,NA,NA,NA,NA,NA,NA,NA,NA,"PRJNA803180","SAMN25638998","MIMARKS.survey,MIGS/MIMS/MIMARKS.water","23/08/2019","SRX14039065","Canada","North America","56.631750 N 76.538967 W","P2.RNA.L.18S","estuary metagenome","SRP358197",NA,NA,NA,NA,NA,NA,NA,NA,NA,NA,NA,NA,NA
"SRR17879794","E527F_E1009R","surface","Hudson_Bay_Estuary","Estuary","water","Canada","P2_DNA_small","Hudson_Bay_Estuary_2",NA,NA,NA,NA,NA,NA,NA,NA,NA,NA,NA,NA,NA,NA,NA,NA,"PRJNA803180","SAMN25638997","MIMARKS.survey,MIGS/MIMS/MIMARKS.water","23/08/2019","SRX14039064","Canada","North America","56.631750 N 76.538967 W","P2.DNA.S.18S","estuary metagenome","SRP358197",NA,NA,NA,NA,NA,NA,NA,NA,NA,NA,NA,NA,NA
"SRR17879795","E527F_E1009R","surface","Hudson_Bay_Estuary","Estuary","water","Canada","P2_DNA_large","Hudson_Bay_Estuary_2",NA,NA,NA,NA,NA,NA,NA,NA,NA,NA,NA,NA,NA,NA,NA,NA,"PRJNA803180","SAMN25638996","MIMARKS.survey,MIGS/MIMS/MIMARKS.water","23/08/2019","SRX14039063","Canada","North America","56.631750 N 76.538967 W","P2.DNA.L.18S","estuary metagenome","SRP358197",NA,NA,NA,NA,NA,NA,NA,NA,NA,NA,NA,NA,NA
"SRR17879796","E527F_E1009R","surface","Hudson_Bay_Estuary","Estuary","water","Canada","P1_RNA_small","Hudson_Bay_Estuary_1",NA,NA,NA,NA,NA,NA,NA,NA,NA,NA,NA,NA,NA,NA,NA,NA,"PRJNA803180","SAMN25638995","MIMARKS.survey,MIGS/MIMS/MIMARKS.water","23/08/2019","SRX14039062","Canada","North America","56.630383 N 76.535850 W","P1.RNA.S.18S","estuary metagenome","SRP358197",NA,NA,NA,NA,NA,NA,NA,NA,NA,NA,NA,NA,NA
"SRR17879797","E527F_E1009R","surface","Hudson_Bay_Estuary","Estuary","water","Canada","P1_RNA_large","Hudson_Bay_Estuary_1",NA,NA,NA,NA,NA,NA,NA,NA,NA,NA,NA,NA,NA,NA,NA,NA,"PRJNA803180","SAMN25638994","MIMARKS.survey,MIGS/MIMS/MIMARKS.water","23/08/2019","SRX14039061","Canada","North America","56.630383 N 76.535850 W","P1.RNA.L.18S","estuary metagenome","SRP358197",NA,NA,NA,NA,NA,NA,NA,NA,NA,NA,NA,NA,NA
"SRR17879798","E527F_E1009R","surface","Hudson_Bay_Estuary","Estuary","water","Canada","P1_DNA_small","Hudson_Bay_Estuary_1",NA,NA,NA,NA,NA,NA,NA,NA,NA,NA,NA,NA,NA,NA,NA,NA,"PRJNA803180","SAMN25638993","MIMARKS.survey,MIGS/MIMS/MIMARKS.water","23/08/2019","SRX14039060","Canada","North America","56.630383 N 76.535850 W","P1.DNA.S.18S","estuary metagenome","SRP358197",NA,NA,NA,NA,NA,NA,NA,NA,NA,NA,NA,NA,NA
"SRR17879799","E527F_E1009R","surface","Hudson_Bay_Estuary","Estuary","water","Canada","P1_DNA_large","Hudson_Bay_Estuary_1",NA,NA,NA,NA,NA,NA,NA,NA,NA,NA,NA,NA,NA,NA,NA,NA,"PRJNA803180","SAMN25638992","MIMARKS.survey,MIGS/MIMS/MIMARKS.water","23/08/2019","SRX14039059","Canada","North America","56.630383 N 76.535850 W","P1.DNA.L.18S","estuary metagenome","SRP358197",NA,NA,NA,NA,NA,NA,NA,NA,NA,NA,NA,NA,NA
"SRR17879801","E527F_E1009R","surface","Sheldrake_River_Tributary","River","water","Canada","T2_RNA_small","Sheldrake_River_Tributary_2",NA,NA,NA,NA,NA,NA,NA,NA,NA,NA,NA,NA,NA,NA,NA,NA,"PRJNA803180","SAMN25638991","MIMARKS.survey,MIGS/MIMS/MIMARKS.water","27/08/2019","SRX14039057","Canada","North America","56.632667 N 76.315950 W","T2.RNA.S.18S","freshwater metagenome","SRP358197",NA,NA,NA,NA,NA,NA,NA,NA,NA,NA,NA,NA,NA
"SRR17879802","E527F_E1009R","surface","Sheldrake_River_Tributary","River","water","Canada","T2_RNA_large","Sheldrake_River_Tributary_2",NA,NA,NA,NA,NA,NA,NA,NA,NA,NA,NA,NA,NA,NA,NA,NA,"PRJNA803180","SAMN25638990","MIMARKS.survey,MIGS/MIMS/MIMARKS.water","27/08/2019","SRX14039056","Canada","North America","56.632667 N 76.315950 W","T2.RNA.L.18S","freshwater metagenome","SRP358197",NA,NA,NA,NA,NA,NA,NA,NA,NA,NA,NA,NA,NA
"SRR17879803","E527F_E1009R","surface","Sheldrake_River_Tributary","River","water","Canada","T2_DNA_small","Sheldrake_River_Tributary_2",NA,NA,NA,NA,NA,NA,NA,NA,NA,NA,NA,NA,NA,NA,NA,NA,"PRJNA803180","SAMN25638989","MIMARKS.survey,MIGS/MIMS/MIMARKS.water","27/08/2019","SRX14039055","Canada","North America","56.632667 N 76.315950 W","T2.DNA.S.18S","freshwater metagenome","SRP358197",NA,NA,NA,NA,NA,NA,NA,NA,NA,NA,NA,NA,NA
"SRR17879804","E527F_E1009R","surface","Sheldrake_River_Tributary","River","water","Canada","T2_DNA_large","Sheldrake_River_Tributary_2",NA,NA,NA,NA,NA,NA,NA,NA,NA,NA,NA,NA,NA,NA,NA,NA,"PRJNA803180","SAMN25638988","MIMARKS.survey,MIGS/MIMS/MIMARKS.water","27/08/2019","SRX14039054","Canada","North America","56.632667 N 76.315950 W","T2.DNA.L.18S","freshwater metagenome","SRP358197",NA,NA,NA,NA,NA,NA,NA,NA,NA,NA,NA,NA,NA
"SRR17879805","E527F_E1009R","surface","Sheldrake_River_Tributary","River","water","Canada","T1_RNA_small","Sheldrake_River_Tributary_1",NA,NA,NA,NA,NA,NA,NA,NA,NA,NA,NA,NA,NA,NA,NA,NA,"PRJNA803180","SAMN25638987","MIMARKS.survey,MIGS/MIMS/MIMARKS.water","25/08/2019","SRX14039053","Canada","North America","56.638217 N 76.340200 W","T1.RNA.S.18S","freshwater metagenome","SRP358197",NA,NA,NA,NA,NA,NA,NA,NA,NA,NA,NA,NA,NA
"SRR17879806","E527F_E1009R","surface","Sheldrake_River_Tributary","River","water","Canada","T1_RNA_large","Sheldrake_River_Tributary_1",NA,NA,NA,NA,NA,NA,NA,NA,NA,NA,NA,NA,NA,NA,NA,NA,"PRJNA803180","SAMN25638986","MIMARKS.survey,MIGS/MIMS/MIMARKS.water","25/08/2019","SRX14039052","Canada","North America","56.638217 N 76.340200 W","T1.RNA.L.18S","freshwater metagenome","SRP358197",NA,NA,NA,NA,NA,NA,NA,NA,NA,NA,NA,NA,NA
"SRR17879807","E527F_E1009R","surface","Sheldrake_River_Tributary","River","water","Canada","T1_DNA_small","Sheldrake_River_Tributary_1",NA,NA,NA,NA,NA,NA,NA,NA,NA,NA,NA,NA,NA,NA,NA,NA,"PRJNA803180","SAMN25638985","MIMARKS.survey,MIGS/MIMS/MIMARKS.water","25/08/2019","SRX14039051","Canada","North America","56.638217 N 76.340200 W","T1.DNA.S.18S","freshwater metagenome","SRP358197",NA,NA,NA,NA,NA,NA,NA,NA,NA,NA,NA,NA,NA
"SRR17879808","E527F_E1009R","surface","Sheldrake_River_Tributary","River","water","Canada","T1_DNA_large","Sheldrake_River_Tributary_1",NA,NA,NA,NA,NA,NA,NA,NA,NA,NA,NA,NA,NA,NA,NA,NA,"PRJNA803180","SAMN25638984","MIMARKS.survey,MIGS/MIMS/MIMARKS.water","25/08/2019","SRX14039050","Canada","North America","56.638217 N 76.340200 W","T1.DNA.L.18S","freshwater metagenome","SRP358197",NA,NA,NA,NA,NA,NA,NA,NA,NA,NA,NA,NA,NA
"SRR17879809","E527F_E1009R","surface","Sheldrake_River","River","water","Canada","R9_RNA_small","Sheldrake_River_9",NA,NA,NA,NA,NA,NA,NA,NA,NA,NA,NA,NA,NA,NA,NA,NA,"PRJNA803180","SAMN25638983","MIMARKS.survey,MIGS/MIMS/MIMARKS.water","27/08/2019","SRX14039049","Canada","North America","56.629550 N 76.529700 W","R9.RNA.S.18S","freshwater metagenome","SRP358197",NA,NA,NA,NA,NA,NA,NA,NA,NA,NA,NA,NA,NA
"SRR17879810","E527F_E1009R","surface","Sheldrake_River","River","water","Canada","R9_RNA_large","Sheldrake_River_9",NA,NA,NA,NA,NA,NA,NA,NA,NA,NA,NA,NA,NA,NA,NA,NA,"PRJNA803180","SAMN25638982","MIMARKS.survey,MIGS/MIMS/MIMARKS.water","27/08/2019","SRX14039048","Canada","North America","56.629550 N 76.529700 W","R9.RNA.L.18S","freshwater metagenome","SRP358197",NA,NA,NA,NA,NA,NA,NA,NA,NA,NA,NA,NA,NA
"SRR17978930","3NDf_V4eukR2","surface","Xi_Hu_Lake","Ice-Free Peninsula Lake","water","Antarctica","Xi_Hu_18","Xi_Hu_18",0.46,NA,NA,7.75,NA,NA,0.5,2.6,NA,0.56,NA,NA,NA,NA,NA,NA,"PRJNA805287","SAMN25851879","Metagenome or environmental","31/12/2018","SRX14134766","uncalculated","uncalculated",NA,"XH_18","lake water metagenome","SRP359325",NA,NA,NA,NA,NA,NA,NA,NA,NA,NA,NA,NA,NA
"SRR17978931","3NDf_V4eukR3","surface","Chang_Hu_Lake","Ice-Free Peninsula Lake","water","Antarctica","Chang_Hu_18","Chang_Hu_18",0.27,NA,NA,8.27,NA,NA,0.5,2,NA,0.31,NA,NA,NA,NA,NA,NA,"PRJNA805287","SAMN25851878","Metagenome or environmental","31/12/2018","SRX14134765","uncalculated","uncalculated",NA,"CH_18","lake water metagenome","SRP359325",NA,NA,NA,NA,NA,NA,NA,NA,NA,NA,NA,NA,NA
"SRR17978932","3NDf_V4eukR4","surface","Yue_Ya_Lake","Ice-Free Peninsula Lake","water","Antarctica","Yue_Ya_18","Yue_Ya_18",0.74,NA,NA,7.55,NA,NA,0.5,2.1,NA,1.26,NA,NA,NA,NA,NA,NA,"PRJNA805287","SAMN25851877","Metagenome or environmental","20/12/2018","SRX14134764","uncalculated","uncalculated",NA,"YY_18","lake water metagenome","SRP359325",NA,NA,NA,NA,NA,NA,NA,NA,NA,NA,NA,NA,NA
"SRR17978933","3NDf_V4eukR5","surface","Yan_Ou_Lake","Ice-Free Peninsula Lake","water","Antarctica","Yan_Ou_18","Yan_Ou_18",0.27,NA,NA,7.87,NA,NA,0.5,3.5,NA,0.89,NA,NA,NA,NA,NA,NA,"PRJNA805287","SAMN25851876","Metagenome or environmental","31/12/2018","SRX14134763","uncalculated","uncalculated",NA,"YO_18","lake water metagenome","SRP359325",NA,NA,NA,NA,NA,NA,NA,NA,NA,NA,NA,NA,NA
"SRR17978934","3NDf_V4eukR6","surface","Kitec_Lake","Ice-Free Peninsula Lake","water","Antarctica","Kitec_18","Kitec_18",0.42,NA,NA,7.91,NA,NA,0.5,2.7,NA,0.43,NA,NA,NA,NA,NA,NA,"PRJNA805287","SAMN25851875","Metagenome or environmental","31/12/2018","SRX14134762","uncalculated","uncalculated",NA,"KT_18","lake water metagenome","SRP359325",NA,NA,NA,NA,NA,NA,NA,NA,NA,NA,NA,NA,NA
"SRR17978935","3NDf_V4eukR7","surface","Xi_Hu_Lake","Ice-Free Peninsula Lake","water","Antarctica","Xi_Hu_17","Xi_Hu_17",NA,NA,NA,7.91,NA,NA,0.5,1.6,NA,0.33,NA,NA,NA,NA,NA,NA,"PRJNA805287","SAMN25851874","Metagenome or environmental","08/01/2018","SRX14134761","uncalculated","uncalculated",NA,"XH_17","lake water metagenome","SRP359325",NA,NA,NA,NA,NA,NA,NA,NA,NA,NA,NA,NA,NA
"SRR17978936","3NDf_V4eukR8","surface","Chang_Hu_Lake","Ice-Free Peninsula Lake","water","Antarctica","Chang_Hu_17","Chang_Hu_17",NA,NA,NA,8.05,NA,NA,0.5,0.9,NA,0.25,NA,NA,NA,NA,NA,NA,"PRJNA805287","SAMN25851873","Metagenome or environmental","09/01/2018","SRX14134760","uncalculated","uncalculated",NA,"CH_17","lake water metagenome","SRP359325",NA,NA,NA,NA,NA,NA,NA,NA,NA,NA,NA,NA,NA
"SRR17978937","3NDf_V4eukR9","surface","Yue_Ya_Lake","Ice-Free Peninsula Lake","water","Antarctica","Yue_Ya_17","Yue_Ya_17",NA,NA,NA,8.05,NA,NA,0.5,0.9,NA,2.11,NA,NA,NA,NA,NA,NA,"PRJNA805287","SAMN25851872","Metagenome or environmental","14/01/2018","SRX14134759","uncalculated","uncalculated",NA,"YY_17","lake water metagenome","SRP359325",NA,NA,NA,NA,NA,NA,NA,NA,NA,NA,NA,NA,NA
"SRR17978938","3NDf_V4eukR10","surface","Xi_Hu_Lake","Ice-Free Peninsula Lake","water","Antarctica","Xi_Hu_19","Xi_Hu_19",0.23,NA,NA,7.91,NA,NA,0.5,3.69,NA,NA,NA,NA,NA,NA,NA,NA,"PRJNA805287","SAMN25851884","Metagenome or environmental","20/12/2019","SRX14134758","uncalculated","uncalculated",NA,"XH_19","lake water metagenome","SRP359325",NA,NA,NA,NA,NA,NA,NA,NA,NA,NA,NA,NA,NA
"SRR17978939","3NDf_V4eukR11","surface","Chang_Hu_Lake","Ice-Free Peninsula Lake","water","Antarctica","Chang_Hu_19","Chang_Hu_19",0.15,NA,NA,7.82,NA,NA,0.5,3.37,NA,NA,NA,NA,NA,NA,NA,NA,"PRJNA805287","SAMN25851883","Metagenome or environmental","22/12/2019","SRX14134757","uncalculated","uncalculated",NA,"CH_19","lake water metagenome","SRP359325",NA,NA,NA,NA,NA,NA,NA,NA,NA,NA,NA,NA,NA
"SRR17978940","3NDf_V4eukR12","surface","Yue_Ya_Lake","Ice-Free Peninsula Lake","water","Antarctica","Yue_Ya_19","Yue_Ya_19",0.05,NA,NA,7.65,NA,NA,0.5,2.22,NA,NA,NA,NA,NA,NA,NA,NA,"PRJNA805287","SAMN25851882","Metagenome or environmental","24/12/2019","SRX14134756","uncalculated","uncalculated",NA,"YY_19","lake water metagenome","SRP359325",NA,NA,NA,NA,NA,NA,NA,NA,NA,NA,NA,NA,NA
"SRR17978941","3NDf_V4eukR13","surface","Yan_Ou_Lake","Ice-Free Peninsula Lake","water","Antarctica","Yan_Ou_19","Yan_Ou_19",0.18,NA,NA,7.95,NA,NA,0.5,7.14,NA,NA,NA,NA,NA,NA,NA,NA,"PRJNA805287","SAMN25851881","Metagenome or environmental","20/12/2019","SRX14134755","uncalculated","uncalculated",NA,"YO_19","lake water metagenome","SRP359325",NA,NA,NA,NA,NA,NA,NA,NA,NA,NA,NA,NA,NA
"SRR17978942","3NDf_V4eukR14","surface","Kitec_Lake","Ice-Free Peninsula Lake","water","Antarctica","Kitec_19","Kitec_19",0.11,NA,NA,7.81,NA,NA,0.5,2.27,NA,NA,NA,NA,NA,NA,NA,NA,"PRJNA805287","SAMN25851880","Metagenome or environmental","22/12/2019","SRX14134754","uncalculated","uncalculated",NA,"KT_19","lake water metagenome","SRP359325",NA,NA,NA,NA,NA,NA,NA,NA,NA,NA,NA,NA,NA
"SRR17978943","3NDf_V4eukR15","surface","Yan_Ou_Lake","Ice-Free Peninsula Lake","water","Antarctica","Yan_Ou_17","Yan_Ou_17",NA,NA,NA,7.92,NA,NA,0.5,4.9,NA,0.33,NA,NA,NA,NA,NA,NA,"PRJNA805287","SAMN25851871","Metagenome or environmental","08/01/2018","SRX14134753","uncalculated","uncalculated",NA,"YO_17","lake water metagenome","SRP359325",NA,NA,NA,NA,NA,NA,NA,NA,NA,NA,NA,NA,NA
"SRR17978944","3NDf_V4eukR16","surface","Kitec_Lake","Ice-Free Peninsula Lake","water","Antarctica","Kitec_17","Kitec_17",NA,NA,NA,7.89,NA,NA,0.5,2.4,NA,0.4,NA,NA,NA,NA,NA,NA,"PRJNA805287","SAMN25851870","Metagenome or environmental","09/01/2018","SRX14134752","uncalculated","uncalculated",NA,"KT_17","lake water metagenome","SRP359325",NA,NA,NA,NA,NA,NA,NA,NA,NA,NA,NA,NA,NA
"SRR19238715","EUK581F_EUK1134R","anoxic","Kislo-Sladkoe Lake","Coastal lagoon","water","Russia","KS_anoxic_3.5","KS_anoxic_3.5",NA,NA,NA,NA,NA,NA,3.5,NA,NA,NA,NA,NA,NA,NA,NA,NA,"PRJNA838732","SAMN28462068","Metagenome or environmental","06/07/2018","SRX15299515","Russia","Europe","66.5483 N 33.1347 E","68_19","lake water metagenome","SRP375558",NA,NA,NA,NA,NA,NA,NA,NA,NA,NA,NA,NA,NA
"SRR19238716","EUK581F_EUK1134R","deep","Kislo-Sladkoe Lake","Coastal lagoon","water","Russia","KS_chemocline_3.1a","KS_chemocline_3.1",NA,NA,NA,NA,NA,NA,3.1,NA,NA,NA,NA,NA,NA,NA,NA,NA,"PRJNA838732","SAMN28462067","Metagenome or environmental","06/08/2018","SRX15299514","Russia","Europe","66.5483 N 33.1347 E","67_19","lake water metagenome","SRP375558",NA,NA,NA,NA,NA,NA,NA,NA,NA,NA,NA,NA,NA
"SRR19238717","EUK581F_EUK1134R","deep","Kislo-Sladkoe Lake","Coastal lagoon","water","Russia","KS_chemocline_3.1b","KS_chemocline_3.1",NA,NA,NA,NA,NA,NA,3.1,NA,NA,NA,NA,NA,NA,NA,NA,NA,"PRJNA838732","SAMN28462066","Metagenome or environmental","06/09/2018","SRX15299513","Russia","Europe","66.5483 N 33.1347 E","66_19","lake water metagenome","SRP375558",NA,NA,NA,NA,NA,NA,NA,NA,NA,NA,NA,NA,NA
"SRR19238718","EUK581F_EUK1134R","anoxic","Kislo-Sladkoe Lake","Coastal lagoon","water","Russia","KS_anoxic_4a","KS_anoxic_4",NA,NA,NA,NA,NA,NA,4,NA,NA,NA,NA,NA,NA,NA,NA,NA,"PRJNA838732","SAMN28462065","Metagenome or environmental","06/10/2018","SRX15299512","Russia","Europe","66.5483 N 33.1347 E","65_19","lake water metagenome","SRP375558",NA,NA,NA,NA,NA,NA,NA,NA,NA,NA,NA,NA,NA
"SRR19238719","EUK581F_EUK1134R","anoxic","Kislo-Sladkoe Lake","Coastal lagoon","water","Russia","KS_anoxic_4b","KS_anoxic_4",NA,NA,NA,NA,NA,NA,4,NA,NA,NA,NA,NA,NA,NA,NA,NA,"PRJNA838732","SAMN28462064","Metagenome or environmental","06/11/2018","SRX15299511","Russia","Europe","66.5483 N 33.1347 E","64_19","lake water metagenome","SRP375558",NA,NA,NA,NA,NA,NA,NA,NA,NA,NA,NA,NA,NA
"SRR19238720","EUK581F_EUK1134R","shallow","Kislo-Sladkoe Lake","Coastal lagoon","water","Russia","KS_upper_0.5a","KS_upper_0.5",NA,NA,NA,NA,NA,NA,0.5,NA,NA,NA,NA,NA,NA,NA,NA,NA,"PRJNA838732","SAMN28462063","Metagenome or environmental","06/12/2018","SRX15299510","Russia","Europe","66.5483 N 33.1347 E","63_19","lake water metagenome","SRP375558",NA,NA,NA,NA,NA,NA,NA,NA,NA,NA,NA,NA,NA
"SRR19238721","EUK581F_EUK1134R","shallow","Kislo-Sladkoe Lake","Coastal lagoon","water","Russia","KS_upper_0.5b","KS_upper_0.5",NA,NA,NA,NA,NA,NA,0.5,NA,NA,NA,NA,NA,NA,NA,NA,NA,"PRJNA838732","SAMN28462062","Metagenome or environmental","06/13/2018","SRX15299509","Russia","Europe","66.5483 N 33.1347 E","62_19","lake water metagenome","SRP375558",NA,NA,NA,NA,NA,NA,NA,NA,NA,NA,NA,NA,NA
"SRR19238722","EUK581F_EUK1134R","surface","Kislo-Sladkoe Lake","Coastal lagoon","water","Russia","KS_surface","KS_surface",NA,NA,NA,NA,NA,NA,0,NA,NA,NA,NA,NA,NA,NA,NA,NA,"PRJNA838732","SAMN28462061","Metagenome or environmental","06/14/2018","SRX15299508","Russia","Europe","66.5483 N 33.1347 E","61_19","lake water metagenome","SRP375558",NA,NA,NA,NA,NA,NA,NA,NA,NA,NA,NA,NA,NA
"SRR19238723","EUK581F_EUK1134R","surface","White Sea","Coastal lagoon","water","Russia","WS_surface","WS_surface",NA,NA,NA,NA,NA,NA,NA,NA,NA,NA,NA,NA,NA,NA,NA,NA,"PRJNA838732","SAMN28462077","Metagenome or environmental","06/15/2018","SRX15299507","Russia","Europe","66.5503 N 33.1343 E","77_19","lake water metagenome","SRP375558",NA,NA,NA,NA,NA,NA,NA,NA,NA,NA,NA,NA,NA
"SRR19238724","EUK581F_EUK1134R","shallow","Kislo-Sladkoe Lake","Coastal lagoon","water","Russia","KS_upper_1a","KS_upper_1",NA,NA,NA,NA,NA,NA,1,NA,NA,NA,NA,NA,NA,NA,NA,NA,"PRJNA838732","SAMN28462076","Metagenome or environmental","06/16/2018","SRX15299506","Russia","Europe","66.5483 N 33.1347 E","76_19","lake water metagenome","SRP375558",NA,NA,NA,NA,NA,NA,NA,NA,NA,NA,NA,NA,NA
"SRR19238725","EUK581F_EUK1134R","shallow","Kislo-Sladkoe Lake","Coastal lagoon","water","Russia","KS_upper_1b","KS_upper_1",NA,NA,NA,NA,NA,NA,1,NA,NA,NA,NA,NA,NA,NA,NA,NA,"PRJNA838732","SAMN28462075","Metagenome or environmental","06/17/2018","SRX15299505","Russia","Europe","66.5483 N 33.1347 E","75_19","lake water metagenome","SRP375558",NA,NA,NA,NA,NA,NA,NA,NA,NA,NA,NA,NA,NA
"SRR19238726","EUK581F_EUK1134R","mid","Kislo-Sladkoe Lake","Coastal lagoon","water","Russia","KS_mid_1.5a","KS_mid_1.5",NA,NA,NA,NA,NA,NA,1.5,NA,NA,NA,NA,NA,NA,NA,NA,NA,"PRJNA838732","SAMN28462074","Metagenome or environmental","06/18/2018","SRX15299504","Russia","Europe","66.5483 N 33.1347 E","74_19","lake water metagenome","SRP375558",NA,NA,NA,NA,NA,NA,NA,NA,NA,NA,NA,NA,NA
"SRR19238727","EUK581F_EUK1134R","mid","Kislo-Sladkoe Lake","Coastal lagoon","water","Russia","KS_mid_1.5b","KS_mid_1.5",NA,NA,NA,NA,NA,NA,1.5,NA,NA,NA,NA,NA,NA,NA,NA,NA,"PRJNA838732","SAMN28462073","Metagenome or environmental","06/19/2018","SRX15299503","Russia","Europe","66.5483 N 33.1347 E","73_19","lake water metagenome","SRP375558",NA,NA,NA,NA,NA,NA,NA,NA,NA,NA,NA,NA,NA
"SRR19238728","EUK581F_EUK1134R","deep","Kislo-Sladkoe Lake","Coastal lagoon","water","Russia","KS_chemocline_2.5a","KS_chemocline_2.5",NA,NA,NA,NA,NA,NA,2.5,NA,NA,NA,NA,NA,NA,NA,NA,NA,"PRJNA838732","SAMN28462072","Metagenome or environmental","06/20/2018","SRX15299502","Russia","Europe","66.5483 N 33.1347 E","72_19","lake water metagenome","SRP375558",NA,NA,NA,NA,NA,NA,NA,NA,NA,NA,NA,NA,NA
"SRR19238729","EUK581F_EUK1134R","deep","Kislo-Sladkoe Lake","Coastal lagoon","water","Russia","KS_chemocline_2.5b","KS_chemocline_2.5",NA,NA,NA,NA,NA,NA,2.5,NA,NA,NA,NA,NA,NA,NA,NA,NA,"PRJNA838732","SAMN28462071","Metagenome or environmental","06/21/2018","SRX15299501","Russia","Europe","66.5483 N 33.1347 E","71_19","lake water metagenome","SRP375558",NA,NA,NA,NA,NA,NA,NA,NA,NA,NA,NA,NA,NA
"SRR19238730","EUK581F_EUK1134R","mid","Kislo-Sladkoe Lake","Coastal lagoon","water","Russia","KS_mid_2a","KS_mid_2",NA,NA,NA,NA,NA,NA,2,NA,NA,NA,NA,NA,NA,NA,NA,NA,"PRJNA838732","SAMN28462070","Metagenome or environmental","06/22/2018","SRX15299500","Russia","Europe","66.5483 N 33.1347 E","70_19","lake water metagenome","SRP375558",NA,NA,NA,NA,NA,NA,NA,NA,NA,NA,NA,NA,NA
"SRR19238731","EUK581F_EUK1134R","mid","Kislo-Sladkoe Lake","Coastal lagoon","water","Russia","KS_mid_2b","KS_mid_2",NA,NA,NA,NA,NA,NA,2,NA,NA,NA,NA,NA,NA,NA,NA,NA,"PRJNA838732","SAMN28462069","Metagenome or environmental","06/23/2018","SRX15299499","Russia","Europe","66.5483 N 33.1347 E","69_19","lake water metagenome","SRP375558",NA,NA,NA,NA,NA,NA,NA,NA,NA,NA,NA,NA,NA
"SRR19238732","EUK581F_EUK1134R","deep","Kislo-Sladkoe Lake","Coastal lagoon","water","Russia","KS_chemocline_3a","KS_chemocline_3",NA,NA,NA,NA,NA,NA,3,NA,NA,NA,NA,NA,NA,NA,NA,NA,"PRJNA838732","SAMN28462060","Metagenome or environmental","06/24/2018","SRX15299498","Russia","Europe","66.5483 N 33.1347 E","60_19","lake water metagenome","SRP375558",NA,NA,NA,NA,NA,NA,NA,NA,NA,NA,NA,NA,NA
"SRR19238733","EUK581F_EUK1134R","deep","Kislo-Sladkoe Lake","Coastal lagoon","water","Russia","KS_chemocline_3b","KS_chemocline_3",NA,NA,NA,NA,NA,NA,3,NA,NA,NA,NA,NA,NA,NA,NA,NA,"PRJNA838732","SAMN28462059","Metagenome or environmental","06/25/2018","SRX15299497","Russia","Europe","66.5483 N 33.1347 E","59_19","lake water metagenome","SRP375558",NA,NA,NA,NA,NA,NA,NA,NA,NA,NA,NA,NA,NA
"Bon18.1","1391f_EukBr","deep","Lake_Bonney_East","Ice-Covered Lake","mat","Antarctica","Bon18.1","Bonney_East_18",13.8,0.04,NA,6.8,"bonney","prostrate",18,4.6,28000,NA,NA,0.643143,39.2,NA,NA,NA,NA,NA,NA,NA,NA,NA,NA,NA,NA,NA,NA,NA,NA,NA,NA,NA,NA,NA,NA,NA,NA,NA,NA,NA
"Bon18.2","1391f_EukBr","deep","Lake_Bonney_East","Ice-Covered Lake","mat","Antarctica","Bon18.2","Bonney_East_18",13.8,0.04,NA,6.8,"bonney","prostrate",18,4.6,28000,NA,NA,0.643143,39.2,NA,NA,NA,NA,NA,NA,NA,NA,NA,NA,NA,NA,NA,NA,NA,NA,NA,NA,NA,NA,NA,NA,NA,NA,NA,NA,NA
"Bon18.3","1391f_EukBr","deep","Lake_Bonney_East","Ice-Covered Lake","mat","Antarctica","Bon18.3","Bonney_East_18",13.8,0.04,NA,6.8,"bonney","prostrate",18,4.6,28000,NA,NA,0.643143,39.2,NA,NA,NA,NA,NA,NA,NA,NA,NA,NA,NA,NA,NA,NA,NA,NA,NA,NA,NA,NA,NA,NA,NA,NA,NA,NA,NA
"Bon22.1","1391f_EukBr","deep","Lake_Bonney_East","Ice-Covered Lake","mat","Antarctica","Bon22.1","Bonney_East_22",41,0.1,NA,6.67,"bonney","prostrate",22,4.3,60600,NA,NA,0.414208,91.6,NA,NA,NA,NA,NA,NA,NA,NA,NA,NA,NA,NA,NA,NA,NA,NA,NA,NA,NA,NA,NA,NA,NA,NA,NA,NA,NA
"Bon22.2","1391f_EukBr","deep","Lake_Bonney_East","Ice-Covered Lake","mat","Antarctica","Bon22.2","Bonney_East_22",41,0.1,NA,6.67,"bonney","prostrate",22,4.3,60600,NA,NA,0.414208,91.6,NA,NA,NA,NA,NA,NA,NA,NA,NA,NA,NA,NA,NA,NA,NA,NA,NA,NA,NA,NA,NA,NA,NA,NA,NA,NA,NA
"Bon22.3","1391f_EukBr","deep","Lake_Bonney_East","Ice-Covered Lake","mat","Antarctica","Bon22.3","Bonney_East_22",41,0.1,NA,6.67,"bonney","prostrate",22,4.3,60600,NA,NA,0.414208,91.6,NA,NA,NA,NA,NA,NA,NA,NA,NA,NA,NA,NA,NA,NA,NA,NA,NA,NA,NA,NA,NA,NA,NA,NA,NA,NA,NA
"JWC25","1391f_EukBr","deep","Lake_Joyce","Ice-Covered Lake","water","Antarctica","JWC25","Joyce_25",NA,NA,25,7.8,"joyce","joyce_water_column_25",25,0.139,5626,0.28,0,NA,NA,"Not_Delta",NA,NA,NA,NA,NA,NA,NA,NA,NA,NA,NA,NA,NA,NA,NA,NA,NA,NA,NA,NA,NA,NA,NA,NA,NA,NA
"JWC27","1391f_EukBr","deep","Lake_Joyce","Ice-Covered Lake","water","Antarctica","JWC27","Joyce_27",NA,NA,7.3,7.4,"joyce","joyce_water_column_27",27,0.08,5973,0.02,0,NA,NA,"Not_Delta",NA,NA,NA,NA,NA,NA,NA,NA,NA,NA,NA,NA,NA,NA,NA,NA,NA,NA,NA,NA,NA,NA,NA,NA,NA,NA
"JWC37","1391f_EukBr","anoxic","Lake_Joyce","Ice-Covered Lake","water","Antarctica","JWC37","Joyce_37",NA,NA,0.3,7.3,"joyce","joyce_water_column_37",37,-0.007,6500,0.15,0,NA,NA,"Not_Delta",NA,NA,NA,NA,NA,NA,NA,NA,NA,NA,NA,NA,NA,NA,NA,NA,NA,NA,NA,NA,NA,NA,NA,NA,NA,NA
"V63MW","1391f_EukBr","deep","Lake_Vanda","Ice-Covered Lake","water","Antarctica","V63MW","Vanda_63",NA,NA,NA,NA,"vanda","vanda_water_column_63",63,15.92967,52909.27,NA,NA,NA,NA,NA,77.53841,161.5242,NA,NA,NA,NA,NA,NA,NA,NA,NA,NA,NA,NA,NA,NA,NA,NA,NA,NA,NA,NA,NA,NA,NA,NA
"V66MW","1391f_EukBr","deep","Lake_Vanda","Ice-Covered Lake","water","Antarctica","V66MW","Vanda_66",NA,NA,NA,NA,"vanda","vanda_water_column_66",66,18.534,86529.1,NA,NA,NA,NA,NA,77.53841,161.5242,NA,NA,NA,NA,NA,NA,NA,NA,NA,NA,NA,NA,NA,NA,NA,NA,NA,NA,NA,NA,NA,NA,NA,NA
"V71MW","1391f_EukBr","anoxic","Lake_Vanda","Ice-Covered Lake","water","Antarctica","V71MW","Vanda_71",NA,NA,NA,NA,"vanda","vanda_water_column_71",71,21.116,131745.9,NA,NA,NA,NA,NA,77.53841,161.5242,NA,NA,NA,NA,NA,NA,NA,NA,NA,NA,NA,NA,NA,NA,NA,NA,NA,NA,NA,NA,NA,NA,NA,NA
"SRR16573804","1391f_EukBr","surface","Commonwealth_glacier","Glacier Cryoconite","cryoconite","Antarctica","COM54","COM54",NA,NA,NA,NA,NA,NA,0.295,NA,NA,NA,NA,NA,NA,NA,NA,NA,"PRJNA744712","SAMN20114950","MIMARKS.survey,MIGS/MIMS/MIMARKS.sediment","2007","SRX12775861","uncalculated","uncalculated","77.57 S 163.33 E","COM54","sediment metagenome","SRP327594",NA,NA,NA,NA,NA,NA,NA,NA,NA,NA,NA,NA,NA
"SRR16573805","1391f_EukBr","surface","Canada_glacier","Glacier Cryoconite","cryoconite","Antarctica","CAN87","CAN87",NA,NA,NA,NA,NA,NA,0.19,NA,NA,NA,NA,NA,NA,NA,NA,NA,"PRJNA744712","SAMN20114949","MIMARKS.survey,MIGS/MIMS/MIMARKS.sediment","2005","SRX12775860","uncalculated","uncalculated","77.63 S 162.99 E","CAN87","sediment metagenome","SRP327594",NA,NA,NA,NA,NA,NA,NA,NA,NA,NA,NA,NA,NA
"SRR16573806","1391f_EukBr","surface","Canada_glacier","Glacier Cryoconite","cryoconite","Antarctica","CAN81","CAN81",NA,NA,NA,NA,NA,NA,0.28,NA,NA,NA,NA,NA,NA,NA,NA,NA,"PRJNA744712","SAMN20114948","MIMARKS.survey,MIGS/MIMS/MIMARKS.sediment","2005","SRX12775859","uncalculated","uncalculated","77.62 S 162.98 E","CAN81","sediment metagenome","SRP327594",NA,NA,NA,NA,NA,NA,NA,NA,NA,NA,NA,NA,NA
"SRR16573807","1391f_EukBr","surface","Utsteinen_nunatak","Glacier Cryoconite","cryoconite","Antarctica","Ust4","Ust4",NA,NA,NA,NA,NA,NA,NA,NA,NA,NA,NA,NA,NA,NA,NA,NA,"PRJNA744712","SAMN20115009","MIMARKS.survey,MIGS/MIMS/MIMARKS.sediment","2017","SRX12775858","uncalculated","uncalculated","71.96 S 23.32 E","Ust4","sediment metagenome","SRP327594",NA,NA,NA,NA,NA,NA,NA,NA,NA,NA,NA,NA,NA
"SRR16573808","1391f_EukBr","surface","Taylor_glacier","Glacier Cryoconite","cryoconite","Antarctica","TAY44","TAY44",NA,NA,NA,NA,NA,NA,0.6,NA,NA,NA,NA,NA,NA,NA,NA,NA,"PRJNA744712","SAMN20115008","MIMARKS.survey,MIGS/MIMS/MIMARKS.sediment","2008","SRX12775857","uncalculated","uncalculated","77.76 S 161.84 E","TAY44","sediment metagenome","SRP327594",NA,NA,NA,NA,NA,NA,NA,NA,NA,NA,NA,NA,NA
"SRR16573809","1391f_EukBr","surface","Taylor_glacier","Glacier Cryoconite","cryoconite","Antarctica","TAY42","TAY42",NA,NA,NA,NA,NA,NA,0.53,NA,NA,NA,NA,NA,NA,NA,NA,NA,"PRJNA744712","SAMN20115007","MIMARKS.survey,MIGS/MIMS/MIMARKS.sediment","2008","SRX12775856","uncalculated","uncalculated","77.76 S 161.83 E","TAY42","sediment metagenome","SRP327594",NA,NA,NA,NA,NA,NA,NA,NA,NA,NA,NA,NA,NA
"SRR16573810","1391f_EukBr","surface","Taylor_glacier","Glacier Cryoconite","cryoconite","Antarctica","TAY40","TAY40",NA,NA,NA,NA,NA,NA,0.34,NA,NA,NA,NA,NA,NA,NA,NA,NA,"PRJNA744712","SAMN20115006","MIMARKS.survey,MIGS/MIMS/MIMARKS.sediment","2008","SRX12775855","uncalculated","uncalculated","77.76 S 161.82 E","TAY40","sediment metagenome","SRP327594",NA,NA,NA,NA,NA,NA,NA,NA,NA,NA,NA,NA,NA
"SRR16573811","1391f_EukBr","surface","Canada_glacier","Glacier Cryoconite","cryoconite","Antarctica","CAN75","CAN75",NA,NA,NA,NA,NA,NA,0.17,NA,NA,NA,NA,NA,NA,NA,NA,NA,"PRJNA744712","SAMN20114947","MIMARKS.survey,MIGS/MIMS/MIMARKS.sediment","2005","SRX12775854","uncalculated","uncalculated","77.62 S 162.96 E","CAN75","sediment metagenome","SRP327594",NA,NA,NA,NA,NA,NA,NA,NA,NA,NA,NA,NA,NA
"SRR16573812","1391f_EukBr","surface","Taylor_glacier","Glacier Cryoconite","cryoconite","Antarctica","TAY38","TAY38",NA,NA,NA,NA,NA,NA,0.45,NA,NA,NA,NA,NA,NA,NA,NA,NA,"PRJNA744712","SAMN20115005","MIMARKS.survey,MIGS/MIMS/MIMARKS.sediment","2008","SRX12775853","uncalculated","uncalculated","77.76 S 161.84 E","TAY38","sediment metagenome","SRP327594",NA,NA,NA,NA,NA,NA,NA,NA,NA,NA,NA,NA,NA
"SRR16573813","1391f_EukBr","surface","Taylor_glacier","Glacier Cryoconite","cryoconite","Antarctica","TAY29","TAY29",NA,NA,NA,NA,NA,NA,0.75,NA,NA,NA,NA,NA,NA,NA,NA,NA,"PRJNA744712","SAMN20115004","MIMARKS.survey,MIGS/MIMS/MIMARKS.sediment","2007","SRX12775852","uncalculated","uncalculated","77.74 S 162.13 E","TAY29","sediment metagenome","SRP327594",NA,NA,NA,NA,NA,NA,NA,NA,NA,NA,NA,NA,NA
"SRR16573814","1391f_EukBr","surface","Taylor_glacier","Glacier Cryoconite","cryoconite","Antarctica","TAY19","TAY19",NA,NA,NA,NA,NA,NA,0.59,NA,NA,NA,NA,NA,NA,NA,NA,NA,"PRJNA744712","SAMN20115003","MIMARKS.survey,MIGS/MIMS/MIMARKS.sediment","2006","SRX12775851","uncalculated","uncalculated","77.74 S 162.10 E","TAY19","sediment metagenome","SRP327594",NA,NA,NA,NA,NA,NA,NA,NA,NA,NA,NA,NA,NA
"SRR16573815","1391f_EukBr","surface","Taylor_glacier","Glacier Cryoconite","cryoconite","Antarctica","TAY18","TAY18",NA,NA,NA,NA,NA,NA,0.51,NA,NA,NA,NA,NA,NA,NA,NA,NA,"PRJNA744712","SAMN20115002","MIMARKS.survey,MIGS/MIMS/MIMARKS.sediment","2006","SRX12775850","uncalculated","uncalculated","77.75 S 162.00 E","TAY18","sediment metagenome","SRP327594",NA,NA,NA,NA,NA,NA,NA,NA,NA,NA,NA,NA,NA
"SRR16573816","1391f_EukBr","surface","Storglaciaren","Glacier Cryoconite","cryoconite","Sweden","SZ","SZ",NA,NA,NA,NA,NA,NA,NA,NA,NA,NA,NA,NA,NA,NA,NA,NA,"PRJNA744712","SAMN20115000","MIMARKS.survey,MIGS/MIMS/MIMARKS.sediment","2017","SRX12775849","Sweden","Europe",NA,"Sweden Z/SZ","sediment metagenome","SRP327594",NA,NA,NA,NA,NA,NA,NA,NA,NA,NA,NA,NA,NA
"SRR16573817","1391f_EukBr","surface","Storglaciaren","Glacier Cryoconite","cryoconite","Sweden","SY","SY",NA,NA,NA,NA,NA,NA,NA,NA,NA,NA,NA,NA,NA,NA,NA,NA,"PRJNA744712","SAMN20114999","MIMARKS.survey,MIGS/MIMS/MIMARKS.sediment","2017","SRX12775848","Sweden","Europe",NA,"Sweden Y/SY","sediment metagenome","SRP327594",NA,NA,NA,NA,NA,NA,NA,NA,NA,NA,NA,NA,NA
"SRR16573818","1391f_EukBr","surface","Storglaciaren","Glacier Cryoconite","cryoconite","Sweden","SX","SX",NA,NA,NA,NA,NA,NA,NA,NA,NA,NA,NA,NA,NA,NA,NA,NA,"PRJNA744712","SAMN20114998","MIMARKS.survey,MIGS/MIMS/MIMARKS.sediment","2017","SRX12775847","Sweden","Europe",NA,"Sweden X/SX","sediment metagenome","SRP327594",NA,NA,NA,NA,NA,NA,NA,NA,NA,NA,NA,NA,NA
"SRR16573819","1391f_EukBr","surface","Midtre_Lovenbreen_glacier","Glacier Cryoconite","cryoconite","Svalbard","SvE","SvE",NA,NA,NA,NA,NA,NA,NA,NA,NA,NA,NA,NA,NA,NA,NA,NA,"PRJNA744712","SAMN20114997","MIMARKS.survey,MIGS/MIMS/MIMARKS.sediment","2016","SRX12775846","Svalbard","Europe",NA,"SvE","sediment metagenome","SRP327594",NA,NA,NA,NA,NA,NA,NA,NA,NA,NA,NA,NA,NA
"SRR16573820","1391f_EukBr","surface","Midtre_Lovenbreen_glacier","Glacier Cryoconite","cryoconite","Svalbard","SvC","SvC",NA,NA,NA,NA,NA,NA,NA,NA,NA,NA,NA,NA,NA,NA,NA,NA,"PRJNA744712","SAMN20114995","MIMARKS.survey,MIGS/MIMS/MIMARKS.sediment","2016","SRX12775845","Svalbard","Europe",NA,"SvC","sediment metagenome","SRP327594",NA,NA,NA,NA,NA,NA,NA,NA,NA,NA,NA,NA,NA
"SRR16573821","1391f_EukBr","surface","Midtre_Lovenbreen_glacier","Glacier Cryoconite","cryoconite","Svalbard","SvB","SvB",NA,NA,NA,NA,NA,NA,NA,NA,NA,NA,NA,NA,NA,NA,NA,NA,"PRJNA744712","SAMN20114994","MIMARKS.survey,MIGS/MIMS/MIMARKS.sediment","2016","SRX12775844","Svalbard","Europe",NA,"SvB","sediment metagenome","SRP327594",NA,NA,NA,NA,NA,NA,NA,NA,NA,NA,NA,NA,NA
"SRR16573822","1391f_EukBr","surface","Canada_glacier","Glacier Cryoconite","cryoconite","Antarctica","CAN64","CAN64",NA,NA,NA,NA,NA,NA,0.17,NA,NA,NA,NA,NA,NA,NA,NA,NA,"PRJNA744712","SAMN20114946","MIMARKS.survey,MIGS/MIMS/MIMARKS.sediment","2005","SRX12775843","uncalculated","uncalculated","77.62 S 163.00 E","CAN64","sediment metagenome","SRP327594",NA,NA,NA,NA,NA,NA,NA,NA,NA,NA,NA,NA,NA
"SRR16573823","1391f_EukBr","surface","Midtre_Lovenbreen_glacier","Glacier Cryoconite","cryoconite","Svalbard","SvA","SvA",NA,NA,NA,NA,NA,NA,NA,NA,NA,NA,NA,NA,NA,NA,NA,NA,"PRJNA744712","SAMN20114993","MIMARKS.survey,MIGS/MIMS/MIMARKS.sediment","2016","SRX12775842","Svalbard","Europe",NA,"SvA","sediment metagenome","SRP327594",NA,NA,NA,NA,NA,NA,NA,NA,NA,NA,NA,NA,NA
"SRR16573824","1391f_EukBr","surface","Miers_glacier","Glacier Cryoconite","cryoconite","Antarctica","MVCS3","MVCS3",NA,NA,NA,NA,NA,NA,NA,NA,NA,NA,NA,NA,NA,NA,NA,NA,"PRJNA744712","SAMN20114992","MIMARKS.survey,MIGS/MIMS/MIMARKS.sediment",NA,"SRX12775841","uncalculated","uncalculated",NA,"MVCS3","sediment metagenome","SRP327594",NA,NA,NA,NA,NA,NA,NA,NA,NA,NA,NA,NA,NA
"SRR16573825","1391f_EukBr","surface","Miers_glacier","Glacier Cryoconite","cryoconite","Antarctica","MVC7","MVC7",NA,NA,NA,NA,NA,NA,NA,NA,NA,NA,NA,NA,NA,NA,NA,NA,"PRJNA744712","SAMN20114991","MIMARKS.survey,MIGS/MIMS/MIMARKS.sediment",NA,"SRX12775840","uncalculated","uncalculated",NA,"MVC7","sediment metagenome","SRP327594",NA,NA,NA,NA,NA,NA,NA,NA,NA,NA,NA,NA,NA
"SRR16573826","1391f_EukBr","surface","Miers_glacier","Glacier Cryoconite","cryoconite","Antarctica","MVC6","MVC6",NA,NA,NA,NA,NA,NA,NA,NA,NA,NA,NA,NA,NA,NA,NA,NA,"PRJNA744712","SAMN20114990","MIMARKS.survey,MIGS/MIMS/MIMARKS.sediment",NA,"SRX12775839","uncalculated","uncalculated",NA,"MVC6","sediment metagenome","SRP327594",NA,NA,NA,NA,NA,NA,NA,NA,NA,NA,NA,NA,NA
"SRR16573827","1391f_EukBr","surface","Miers_glacier","Glacier Cryoconite","cryoconite","Antarctica","MVC5","MVC5",NA,NA,NA,NA,NA,NA,NA,NA,NA,NA,NA,NA,NA,NA,NA,NA,"PRJNA744712","SAMN20114989","MIMARKS.survey,MIGS/MIMS/MIMARKS.sediment",NA,"SRX12775838","uncalculated","uncalculated",NA,"MVC5","sediment metagenome","SRP327594",NA,NA,NA,NA,NA,NA,NA,NA,NA,NA,NA,NA,NA
"SRR16573828","1391f_EukBr","surface","Miers_glacier","Glacier Cryoconite","cryoconite","Antarctica","MVC4","MVC4",NA,NA,NA,NA,NA,NA,NA,NA,NA,NA,NA,NA,NA,NA,NA,NA,"PRJNA744712","SAMN20114988","MIMARKS.survey,MIGS/MIMS/MIMARKS.sediment",NA,"SRX12775837","uncalculated","uncalculated",NA,"MVC4","sediment metagenome","SRP327594",NA,NA,NA,NA,NA,NA,NA,NA,NA,NA,NA,NA,NA
"SRR16573829","1391f_EukBr","surface","Lower_Wright_glacier","Glacier Cryoconite","cryoconite","Antarctica","LWC5","LWC5",NA,NA,NA,NA,NA,NA,NA,NA,NA,NA,NA,NA,NA,NA,NA,NA,"PRJNA744712","SAMN20114986","MIMARKS.survey,MIGS/MIMS/MIMARKS.sediment","2012","SRX12775836","uncalculated","uncalculated",NA,"LWC5","sediment metagenome","SRP327594",450,NA,NA,NA,NA,NA,NA,NA,NA,NA,NA,NA,NA
"SRR16573830","1391f_EukBr","surface","Lower_Wright_glacier","Glacier Cryoconite","cryoconite","Antarctica","LWC4","LWC4",NA,NA,NA,NA,NA,NA,NA,NA,NA,NA,NA,NA,NA,NA,NA,NA,"PRJNA744712","SAMN20114985","MIMARKS.survey,MIGS/MIMS/MIMARKS.sediment","2012","SRX12775835","uncalculated","uncalculated",NA,"LWC4","sediment metagenome","SRP327594",450,NA,NA,NA,NA,NA,NA,NA,NA,NA,NA,NA,NA
"SRR16573831","1391f_EukBr","surface","Lower_Wright_glacier","Glacier Cryoconite","cryoconite","Antarctica","LWC3","LWC3",NA,NA,NA,NA,NA,NA,NA,NA,NA,NA,NA,NA,NA,NA,NA,NA,"PRJNA744712","SAMN20114984","MIMARKS.survey,MIGS/MIMS/MIMARKS.sediment","2012","SRX12775834","uncalculated","uncalculated",NA,"LWC3","sediment metagenome","SRP327594",450,NA,NA,NA,NA,NA,NA,NA,NA,NA,NA,NA,NA
"SRR16573832","1391f_EukBr","surface","Lower_Wright_glacier","Glacier Cryoconite","cryoconite","Antarctica","LWC2","LWC2",NA,NA,NA,NA,NA,NA,NA,NA,NA,NA,NA,NA,NA,NA,NA,NA,"PRJNA744712","SAMN20114983","MIMARKS.survey,MIGS/MIMS/MIMARKS.sediment","2012","SRX12775833","uncalculated","uncalculated",NA,"LWC2","sediment metagenome","SRP327594",450,NA,NA,NA,NA,NA,NA,NA,NA,NA,NA,NA,NA
"SRR16573833","1391f_EukBr","surface","Canada_glacier","Glacier Cryoconite","cryoconite","Antarctica","CAN61","CAN61",NA,NA,NA,NA,NA,NA,0.19,NA,NA,NA,NA,NA,NA,NA,NA,NA,"PRJNA744712","SAMN20114945","MIMARKS.survey,MIGS/MIMS/MIMARKS.sediment","2005","SRX12775832","uncalculated","uncalculated","77.61 S 162.99 E","CAN61","sediment metagenome","SRP327594",NA,NA,NA,NA,NA,NA,NA,NA,NA,NA,NA,NA,NA
"SRR16573834","1391f_EukBr","surface","Lower_Wright_glacier","Glacier Cryoconite","cryoconite","Antarctica","LWC1","LWC1",NA,NA,NA,NA,NA,NA,NA,NA,NA,NA,NA,NA,NA,NA,NA,NA,"PRJNA744712","SAMN20114982","MIMARKS.survey,MIGS/MIMS/MIMARKS.sediment","2012","SRX12775831","uncalculated","uncalculated",NA,"LWC1","sediment metagenome","SRP327594",450,NA,NA,NA,NA,NA,NA,NA,NA,NA,NA,NA,NA
"SRR16573835","1391f_EukBr","surface","Lower_Koettlitz_glacier","Glacier Cryoconite","cryoconite","Antarctica","LKGC5","LKGC5",NA,NA,NA,NA,NA,NA,NA,NA,NA,NA,NA,NA,NA,NA,NA,NA,"PRJNA744712","SAMN20114981","MIMARKS.survey,MIGS/MIMS/MIMARKS.sediment","2013","SRX12775830","uncalculated","uncalculated",NA,"LKGC5","sediment metagenome","SRP327594",30,NA,NA,NA,NA,NA,NA,NA,NA,NA,NA,NA,NA
"SRR16573836","1391f_EukBr","surface","Lower_Koettlitz_glacier","Glacier Cryoconite","cryoconite","Antarctica","LKGC4","LKGC4",NA,NA,NA,NA,NA,NA,NA,NA,NA,NA,NA,NA,NA,NA,NA,NA,"PRJNA744712","SAMN20114980","MIMARKS.survey,MIGS/MIMS/MIMARKS.sediment","2013","SRX12775829","uncalculated","uncalculated",NA,"LKGC4","sediment metagenome","SRP327594",30,NA,NA,NA,NA,NA,NA,NA,NA,NA,NA,NA,NA
"SRR16573837","1391f_EukBr","surface","Lower_Koettlitz_glacier","Glacier Cryoconite","cryoconite","Antarctica","LKGC3","LKGC3",NA,NA,NA,NA,NA,NA,NA,NA,NA,NA,NA,NA,NA,NA,NA,NA,"PRJNA744712","SAMN20114979","MIMARKS.survey,MIGS/MIMS/MIMARKS.sediment","2013","SRX12775828","uncalculated","uncalculated",NA,"LKGC3","sediment metagenome","SRP327594",30,NA,NA,NA,NA,NA,NA,NA,NA,NA,NA,NA,NA
"SRR16573838","1391f_EukBr","surface","Lower_Koettlitz_glacier","Glacier Cryoconite","cryoconite","Antarctica","LKGC2","LKGC2",NA,NA,NA,NA,NA,NA,NA,NA,NA,NA,NA,NA,NA,NA,NA,NA,"PRJNA744712","SAMN20114978","MIMARKS.survey,MIGS/MIMS/MIMARKS.sediment","2013","SRX12775827","uncalculated","uncalculated",NA,"LKGC2","sediment metagenome","SRP327594",30,NA,NA,NA,NA,NA,NA,NA,NA,NA,NA,NA,NA
"SRR16573839","1391f_EukBr","surface","Lower_Koettlitz_glacier","Glacier Cryoconite","cryoconite","Antarctica","LKGC1","LKGC1",NA,NA,NA,NA,NA,NA,NA,NA,NA,NA,NA,NA,NA,NA,NA,NA,"PRJNA744712","SAMN20114977","MIMARKS.survey,MIGS/MIMS/MIMARKS.sediment","2013","SRX12775826","uncalculated","uncalculated",NA,"LKGC1","sediment metagenome","SRP327594",30,NA,NA,NA,NA,NA,NA,NA,NA,NA,NA,NA,NA
"SRR16573840","1391f_EukBr","surface","Upper_Koettlitz_glacier","Glacier Cryoconite","cryoconite","Antarctica","KSC33","KSC33",NA,NA,NA,NA,NA,NA,NA,NA,NA,NA,NA,NA,NA,NA,NA,NA,"PRJNA744712","SAMN20114976","MIMARKS.survey,MIGS/MIMS/MIMARKS.sediment","2010","SRX12775825","uncalculated","uncalculated",NA,"KSC33","sediment metagenome","SRP327594",800,NA,NA,NA,NA,NA,NA,NA,NA,NA,NA,NA,NA
"SRR16573841","1391f_EukBr","surface","Upper_Koettlitz_glacier","Glacier Cryoconite","cryoconite","Antarctica","KSC23","KSC23",NA,NA,NA,NA,NA,NA,NA,NA,NA,NA,NA,NA,NA,NA,NA,NA,"PRJNA744712","SAMN20114975","MIMARKS.survey,MIGS/MIMS/MIMARKS.sediment","2010","SRX12775824","uncalculated","uncalculated",NA,"KSC23","sediment metagenome","SRP327594",800,NA,NA,NA,NA,NA,NA,NA,NA,NA,NA,NA,NA
"SRR16573842","1391f_EukBr","surface","Upper_Koettlitz_glacier","Glacier Cryoconite","cryoconite","Antarctica","KSC17","KSC17",NA,NA,NA,NA,NA,NA,NA,NA,NA,NA,NA,NA,NA,NA,NA,NA,"PRJNA744712","SAMN20114974","MIMARKS.survey,MIGS/MIMS/MIMARKS.sediment","2010","SRX12775823","uncalculated","uncalculated",NA,"KSC17","sediment metagenome","SRP327594",800,NA,NA,NA,NA,NA,NA,NA,NA,NA,NA,NA,NA
"SRR16573843","1391f_EukBr","surface","Upper_Koettlitz_glacier","Glacier Cryoconite","cryoconite","Antarctica","KSC16","KSC16",NA,NA,NA,NA,NA,NA,NA,NA,NA,NA,NA,NA,NA,NA,NA,NA,"PRJNA744712","SAMN20114973","MIMARKS.survey,MIGS/MIMS/MIMARKS.sediment","2010","SRX12775822","uncalculated","uncalculated",NA,"KSC16","sediment metagenome","SRP327594",800,NA,NA,NA,NA,NA,NA,NA,NA,NA,NA,NA,NA
"SRR16573844","1391f_EukBr","surface","Canada_glacier","Glacier Cryoconite","cryoconite","Antarctica","CAN47","CAN47",NA,NA,NA,NA,NA,NA,0.31,NA,NA,NA,NA,NA,NA,NA,NA,NA,"PRJNA744712","SAMN20114944","MIMARKS.survey,MIGS/MIMS/MIMARKS.sediment","2005","SRX12775821","uncalculated","uncalculated","77.62 S 162.99 E","CAN47","sediment metagenome","SRP327594",NA,NA,NA,NA,NA,NA,NA,NA,NA,NA,NA,NA,NA
"SRR16573845","1391f_EukBr","surface","Upper_Koettlitz_glacier","Glacier Cryoconite","cryoconite","Antarctica","KSC14","KSC14",NA,NA,NA,NA,NA,NA,NA,NA,NA,NA,NA,NA,NA,NA,NA,NA,"PRJNA744712","SAMN20114972","MIMARKS.survey,MIGS/MIMS/MIMARKS.sediment","2010","SRX12775820","uncalculated","uncalculated",NA,"KSC14","sediment metagenome","SRP327594",800,NA,NA,NA,NA,NA,NA,NA,NA,NA,NA,NA,NA
"SRR16573846","1391f_EukBr","surface","Upper_Koettlitz_glacier","Glacier Cryoconite","cryoconite","Antarctica","KSC13","KSC13",NA,NA,NA,NA,NA,NA,NA,NA,NA,NA,NA,NA,NA,NA,NA,NA,"PRJNA744712","SAMN20114971","MIMARKS.survey,MIGS/MIMS/MIMARKS.sediment","2010","SRX12775819","uncalculated","uncalculated",NA,"KSC13","sediment metagenome","SRP327594",800,NA,NA,NA,NA,NA,NA,NA,NA,NA,NA,NA,NA
"SRR16573847","1391f_EukBr","surface","Greenland_Ice_margin_glacier","Glacier Cryoconite","cryoconite","Greenland","IM4","IM4",NA,NA,NA,NA,NA,NA,NA,NA,NA,NA,NA,NA,NA,NA,NA,NA,"PRJNA744712","SAMN20114970","MIMARKS.survey,MIGS/MIMS/MIMARKS.sediment","2014","SRX12775818","Greenland","North America",NA,"IM4","sediment metagenome","SRP327594",NA,NA,NA,NA,NA,NA,NA,NA,NA,NA,NA,NA,NA
"SRR16573848","1391f_EukBr","surface","Greenland_Ice_margin_glacier","Glacier Cryoconite","cryoconite","Greenland","IM3","IM3",NA,NA,NA,NA,NA,NA,NA,NA,NA,NA,NA,NA,NA,NA,NA,NA,"PRJNA744712","SAMN20114969","MIMARKS.survey,MIGS/MIMS/MIMARKS.sediment","2014","SRX12775817","Greenland","North America",NA,"IM3","sediment metagenome","SRP327594",NA,NA,NA,NA,NA,NA,NA,NA,NA,NA,NA,NA,NA
"SRR16573849","1391f_EukBr","surface","Greenland_Ice_margin_glacier","Glacier Cryoconite","cryoconite","Greenland","IM2","IM2",NA,NA,NA,NA,NA,NA,NA,NA,NA,NA,NA,NA,NA,NA,NA,NA,"PRJNA744712","SAMN20114968","MIMARKS.survey,MIGS/MIMS/MIMARKS.sediment","2014","SRX12775816","Greenland","North America",NA,"IM2","sediment metagenome","SRP327594",NA,NA,NA,NA,NA,NA,NA,NA,NA,NA,NA,NA,NA
"SRR16573850","1391f_EukBr","surface","Greenland_Ice_margin_glacier","Glacier Cryoconite","cryoconite","Greenland","IM1","IM1",NA,NA,NA,NA,NA,NA,NA,NA,NA,NA,NA,NA,NA,NA,NA,NA,"PRJNA744712","SAMN20114967","MIMARKS.survey,MIGS/MIMS/MIMARKS.sediment","2014","SRX12775815","Greenland","North America",NA,"IM1","sediment metagenome","SRP327594",NA,NA,NA,NA,NA,NA,NA,NA,NA,NA,NA,NA,NA
"SRR16573851","1391f_EukBr","ice_core_1m","Greenland_Ice_core_glacier","Glacier Cryoconite","cryoconite","Greenland","IC2","IC2",NA,NA,NA,NA,NA,NA,NA,NA,NA,NA,NA,NA,NA,NA,NA,NA,"PRJNA744712","SAMN20114965","MIMARKS.survey,MIGS/MIMS/MIMARKS.sediment","2015","SRX12775814","Greenland","North America",NA,"IC2","sediment metagenome","SRP327594",NA,NA,NA,NA,NA,NA,NA,NA,NA,NA,NA,NA,NA
"SRR16573852","1391f_EukBr","ice_core_1m","Greenland_Ice_core_glacier","Glacier Cryoconite","cryoconite","Greenland","IC1","IC1",NA,NA,NA,NA,NA,NA,NA,NA,NA,NA,NA,NA,NA,NA,NA,NA,"PRJNA744712","SAMN20114964","MIMARKS.survey,MIGS/MIMS/MIMARKS.sediment","2015","SRX12775813","Greenland","North America",NA,"IC1","sediment metagenome","SRP327594",NA,NA,NA,NA,NA,NA,NA,NA,NA,NA,NA,NA,NA
"SRR16573853","1391f_EukBr","surface","Kangerlussuaq_glacier","Glacier Cryoconite","cryoconite","Greenland","GrE8","GrE8",NA,NA,NA,NA,NA,NA,NA,NA,NA,NA,NA,NA,NA,NA,NA,NA,"PRJNA744712","SAMN20114963","MIMARKS.survey,MIGS/MIMS/MIMARKS.sediment","2016","SRX12775812","Greenland","North America",NA,"Gr E8","sediment metagenome","SRP327594",NA,NA,NA,NA,NA,NA,NA,NA,NA,NA,NA,NA,NA
"SRR16573854","1391f_EukBr","surface","Kangerlussuaq_glacier","Glacier Cryoconite","cryoconite","Greenland","GrC8","GrC8",NA,NA,NA,NA,NA,NA,NA,NA,NA,NA,NA,NA,NA,NA,NA,NA,"PRJNA744712","SAMN20114962","MIMARKS.survey,MIGS/MIMS/MIMARKS.sediment","2016","SRX12775811","Greenland","North America",NA,"Gr C8","sediment metagenome","SRP327594",NA,NA,NA,NA,NA,NA,NA,NA,NA,NA,NA,NA,NA
"SRR16573855","1391f_EukBr","surface","Canada_glacier","Glacier Cryoconite","cryoconite","Antarctica","CAN111","CAN111",NA,NA,NA,NA,NA,NA,0.14,NA,NA,NA,NA,NA,NA,NA,NA,NA,"PRJNA744712","SAMN20114943","MIMARKS.survey,MIGS/MIMS/MIMARKS.sediment","2005","SRX12775810","uncalculated","uncalculated","77.61 S 162.98 E","CAN111","sediment metagenome","SRP327594",NA,NA,NA,NA,NA,NA,NA,NA,NA,NA,NA,NA,NA
"SRR16573856","1391f_EukBr","surface","Kangerlussuaq_glacier","Glacier Cryoconite","cryoconite","Greenland","GrC11","GrC11",NA,NA,NA,NA,NA,NA,NA,NA,NA,NA,NA,NA,NA,NA,NA,NA,"PRJNA744712","SAMN20114961","MIMARKS.survey,MIGS/MIMS/MIMARKS.sediment","2016","SRX12775809","Greenland","North America",NA,"Gr C11","sediment metagenome","SRP327594",NA,NA,NA,NA,NA,NA,NA,NA,NA,NA,NA,NA,NA
"SRR16573857","1391f_EukBr","surface","Diamond_glacier","Glacier Cryoconite","cryoconite","Antarctica","DGC4","DGC4",NA,NA,NA,NA,NA,NA,NA,NA,NA,NA,NA,NA,NA,NA,NA,NA,"PRJNA744712","SAMN20114960","MIMARKS.survey,MIGS/MIMS/MIMARKS.sediment","2010","SRX12775808","uncalculated","uncalculated",NA,"DGC4","sediment metagenome","SRP327594",600,NA,NA,NA,NA,NA,NA,NA,NA,NA,NA,NA,NA
"SRR16573858","1391f_EukBr","surface","Commonwealth_glacier","Glacier Cryoconite","cryoconite","Antarctica","COM81","COM81",NA,NA,NA,NA,NA,NA,0.16,NA,NA,NA,NA,NA,NA,NA,NA,NA,"PRJNA744712","SAMN20114958","MIMARKS.survey,MIGS/MIMS/MIMARKS.sediment","2007","SRX12775807","uncalculated","uncalculated","77.56 S 163.28 E","COM81","sediment metagenome","SRP327594",NA,NA,NA,NA,NA,NA,NA,NA,NA,NA,NA,NA,NA
"SRR16573859","1391f_EukBr","surface","Commonwealth_glacier","Glacier Cryoconite","cryoconite","Antarctica","COM80","COM80",NA,NA,NA,NA,NA,NA,0.33,NA,NA,NA,NA,NA,NA,NA,NA,NA,"PRJNA744712","SAMN20114957","MIMARKS.survey,MIGS/MIMS/MIMARKS.sediment","2007","SRX12775806","uncalculated","uncalculated","77.56 S 163.28 E","COM80","sediment metagenome","SRP327594",NA,NA,NA,NA,NA,NA,NA,NA,NA,NA,NA,NA,NA
"SRR16573860","1391f_EukBr","surface","Commonwealth_glacier","Glacier Cryoconite","cryoconite","Antarctica","COM7","COM7",NA,NA,NA,NA,NA,NA,0.21,NA,NA,NA,NA,NA,NA,NA,NA,NA,"PRJNA744712","SAMN20114956","MIMARKS.survey,MIGS/MIMS/MIMARKS.sediment","2005","SRX12775805","uncalculated","uncalculated","77.58 S 163.31 E","COM7","sediment metagenome","SRP327594",NA,NA,NA,NA,NA,NA,NA,NA,NA,NA,NA,NA,NA
"SRR16573861","1391f_EukBr","surface","Commonwealth_glacier","Glacier Cryoconite","cryoconite","Antarctica","COM65","COM65",NA,NA,NA,NA,NA,NA,0.3,NA,NA,NA,NA,NA,NA,NA,NA,NA,"PRJNA744712","SAMN20114955","MIMARKS.survey,MIGS/MIMS/MIMARKS.sediment","2007","SRX12775804","uncalculated","uncalculated","77.58 S 163.28 E","COM65","sediment metagenome","SRP327594",NA,NA,NA,NA,NA,NA,NA,NA,NA,NA,NA,NA,NA
"SRR16573862","1391f_EukBr","surface","Commonwealth_glacier","Glacier Cryoconite","cryoconite","Antarctica","COM62","COM62",NA,NA,NA,NA,NA,NA,0.27,NA,NA,NA,NA,NA,NA,NA,NA,NA,"PRJNA744712","SAMN20114954","MIMARKS.survey,MIGS/MIMS/MIMARKS.sediment","2007","SRX12775803","uncalculated","uncalculated","77.57 S 163.27 E","COM62","sediment metagenome","SRP327594",NA,NA,NA,NA,NA,NA,NA,NA,NA,NA,NA,NA,NA
"SRR16573863","1391f_EukBr","surface","Commonwealth_glacier","Glacier Cryoconite","cryoconite","Antarctica","COM58","COM58",NA,NA,NA,NA,NA,NA,0.35,NA,NA,NA,NA,NA,NA,NA,NA,NA,"PRJNA744712","SAMN20114953","MIMARKS.survey,MIGS/MIMS/MIMARKS.sediment","2007","SRX12775802","uncalculated","uncalculated","77.57 S 163.30 E","COM58","sediment metagenome","SRP327594",NA,NA,NA,NA,NA,NA,NA,NA,NA,NA,NA,NA,NA
"SRR16573864","1391f_EukBr","surface","Commonwealth_glacier","Glacier Cryoconite","cryoconite","Antarctica","COM57","COM57",NA,NA,NA,NA,NA,NA,0.255,NA,NA,NA,NA,NA,NA,NA,NA,NA,"PRJNA744712","SAMN20114952","MIMARKS.survey,MIGS/MIMS/MIMARKS.sediment","2007","SRX12775801","uncalculated","uncalculated","77.57 S 163.30 E","COM57","sediment metagenome","SRP327594",NA,NA,NA,NA,NA,NA,NA,NA,NA,NA,NA,NA,NA
"SRR16573865","1391f_EukBr","surface","Commonwealth_glacier","Glacier Cryoconite","cryoconite","Antarctica","COM55","COM55",NA,NA,NA,NA,NA,NA,0.355,NA,NA,NA,NA,NA,NA,NA,NA,NA,"PRJNA744712","SAMN20114951","MIMARKS.survey,MIGS/MIMS/MIMARKS.sediment","2007","SRX12775800","uncalculated","uncalculated","77.57 S 163.32 E","COM55","sediment metagenome","SRP327594",NA,NA,NA,NA,NA,NA,NA,NA,NA,NA,NA,NA,NA
"SRR16573866","1391f_EukBr","surface","Canada_glacier","Glacier Cryoconite","cryoconite","Antarctica","CAN102","CAN102",NA,NA,NA,NA,NA,NA,0.28,NA,NA,NA,NA,NA,NA,NA,NA,NA,"PRJNA744712","SAMN20114942","MIMARKS.survey,MIGS/MIMS/MIMARKS.sediment","2005","SRX12775799","uncalculated","uncalculated","77.61 S 163.04 E","CAN102","sediment metagenome","SRP327594",NA,NA,NA,NA,NA,NA,NA,NA,NA,NA,NA,NA,NA
"SRR16573867","1391f_EukBr","surface","Canada_glacier","Glacier Cryoconite","cryoconite","Antarctica","CAN101","CAN101",NA,NA,NA,NA,NA,NA,0.2,NA,NA,NA,NA,NA,NA,NA,NA,NA,"PRJNA744712","SAMN20114941","MIMARKS.survey,MIGS/MIMS/MIMARKS.sediment","2005","SRX12775798","uncalculated","uncalculated","77.62 S 63.039 E","CAN101","sediment metagenome","SRP327594",NA,NA,NA,NA,NA,NA,NA,NA,NA,NA,NA,NA,NA
