"","primer","Depth","env_broad_scale","env_local_scale","env_medium","geo_loc_name","Sample.Name","ammonium","nitrate","diss_oxygen","ph","lake","info","depth","temp","conductivity","ChlA","turbidity","PAR","DRP","is_delta","latitude","longitude","BioProject","BioSample","BioSampleModel","Collection_Date","Experiment","geo_loc_name_country","geo_loc_name_country_continent","lat_lon","Library.Name","Organism","SRA.Study","elev","tot_org_carb","calcium","Chloride","magnesium","org_carb","sulfate","diss_org_carb","Salinity","potassium","sodium","TEMP","altitude"
"SRR3931290","E527F_E1009R","deep","Ward_Hunt_Lake","Ice-Covered Lake","mat","Canada","WH_deep_mat_RNA_1",NA,NA,81,7.67,NA,NA,10,5.05,309,NA,NA,NA,NA,NA,NA,NA,"PRJNA329332","SAMN05413969","Metagenome or environmental","15/07/2015","SRX1960757","Canada","North America","83.05 N 74.08 W","DB1_RNA_Euk","microbial mat metagenome","SRP078933",NA,NA,NA,NA,NA,NA,NA,NA,NA,NA,NA,NA,NA
"SRR3931291","E527F_E1009R","shallow","Ward_Hunt_Lake","Ice-Covered Lake","mat","Canada","WH_shallow_mat_RNA_1",NA,NA,143.9,7.91,NA,NA,6,5.72,302,NA,NA,NA,NA,NA,NA,NA,"PRJNA329332","SAMN05413970","Metagenome or environmental","21/07/2015","SRX1960758","Canada","North America","83.05 N 74.10 W","SB1_RNA_Euk","microbial mat metagenome","SRP078933",NA,NA,NA,NA,NA,NA,NA,NA,NA,NA,NA,NA,NA
"SRR3931293","E527F_E1009R","surface","Ward_Hunt_Lake","Ice-Covered Lake","mat","Canada","WH_littoral_mat_RNA_1",NA,NA,97.6,8.66,NA,NA,0.2,0.11,41,NA,NA,NA,NA,NA,NA,NA,"PRJNA329332","SAMN05413971","Metagenome or environmental","19/07/2015","SRX1960760","Canada","North America","83.05 N 74.09 W","L1_RNA_Euk","microbial mat metagenome","SRP078933",NA,NA,NA,NA,NA,NA,NA,NA,NA,NA,NA,NA,NA
"SRR3931294","E527F_E1009R","deep","Ward_Hunt_Lake","Ice-Covered Lake","mat","Canada","WH_deep_mat_RNA_2",NA,NA,81,7.67,NA,NA,10,5.05,309,NA,NA,NA,NA,NA,NA,NA,"PRJNA329332","SAMN05413973","Metagenome or environmental","15/07/2015","SRX1960761","Canada","North America","83.05 N 74.08 W","DB2_RNA_Euk","microbial mat metagenome","SRP078933",NA,NA,NA,NA,NA,NA,NA,NA,NA,NA,NA,NA,NA
"SRR3931295","E527F_E1009R","shallow","Ward_Hunt_Lake","Ice-Covered Lake","mat","Canada","WH_shallow_mat_RNA_2",NA,NA,143.9,7.91,NA,NA,6,5.72,302,NA,NA,NA,NA,NA,NA,NA,"PRJNA329332","SAMN05413974","Metagenome or environmental","21/07/2015","SRX1960762","Canada","North America","83.05 N 74.10 W","SB2_RNA_Euk","microbial mat metagenome","SRP078933",NA,NA,NA,NA,NA,NA,NA,NA,NA,NA,NA,NA,NA
"SRR3931296","E527F_E1009R","surface","Ward_Hunt_Lake","Ice-Covered Lake","mat","Canada","WH_littoral_mat_RNA_2",NA,NA,97.6,8.66,NA,NA,0.2,0.11,41,NA,NA,NA,NA,NA,NA,NA,"PRJNA329332","SAMN05413975","Metagenome or environmental","19/07/2015","SRX1960763","Canada","North America","83.05 N 74.09 W","L2_RNA_Euk","microbial mat metagenome","SRP078933",NA,NA,NA,NA,NA,NA,NA,NA,NA,NA,NA,NA,NA
"SRR3931297","E527F_E1009R","deep","Ward_Hunt_Lake","Ice-Covered Lake","mat","Canada","WH_deep_mat_RNA_3",NA,NA,81,7.67,NA,NA,10,5.05,309,NA,NA,NA,NA,NA,NA,NA,"PRJNA329332","SAMN05413976","Metagenome or environmental","15/07/2015","SRX1960764","Canada","North America","83.05 N 74.08 W","DB3_RNA_Euk","microbial mat metagenome","SRP078933",NA,NA,NA,NA,NA,NA,NA,NA,NA,NA,NA,NA,NA
"SRR3931298","E527F_E1009R","shallow","Ward_Hunt_Lake","Ice-Covered Lake","mat","Canada","WH_shallow_mat_RNA_3",NA,NA,143.9,7.91,NA,NA,6,5.72,302,NA,NA,NA,NA,NA,NA,NA,"PRJNA329332","SAMN05413977","Metagenome or environmental","21/07/2015","SRX1960765","Canada","North America","83.05 N 74.10 W","SB3_RNA_Euk","microbial mat metagenome","SRP078933",NA,NA,NA,NA,NA,NA,NA,NA,NA,NA,NA,NA,NA
"SRR3931299","E527F_E1009R","surface","Ward_Hunt_Lake","Ice-Covered Lake","mat","Canada","WH_littoral_mat_RNA_3",NA,NA,97.6,8.66,NA,NA,0.2,0.11,41,NA,NA,NA,NA,NA,NA,NA,"PRJNA329332","SAMN05413978","Metagenome or environmental","19/07/2015","SRX1960766","Canada","North America","83.05 N 74.09 W","L3_RNA_Euk","microbial mat metagenome","SRP078933",NA,NA,NA,NA,NA,NA,NA,NA,NA,NA,NA,NA,NA
"SRR3931300","E527F_E1009R","deep","Ward_Hunt_Lake","Ice-Covered Lake","mat","Canada","WH_deep_mat_1",NA,NA,81,7.67,NA,NA,10,5.05,309,NA,NA,NA,NA,NA,NA,NA,"PRJNA329332","SAMN05414731","Metagenome or environmental","15/07/2015","SRX1960767","Canada","North America","83.05 N 74.08 W","DB1_DNA_Euk","microbial mat metagenome","SRP078933",NA,NA,NA,NA,NA,NA,NA,NA,NA,NA,NA,NA,NA
"SRR3931301","E527F_E1009R","shallow","Ward_Hunt_Lake","Ice-Covered Lake","mat","Canada","WH_shallow_mat_1",NA,NA,143.9,7.91,NA,NA,6,5.2,302,NA,NA,NA,NA,NA,NA,NA,"PRJNA329332","SAMN05414732","Metagenome or environmental","21/07/2015","SRX1960768","Canada","North America","83.05 N 74.10 W","SB1_DNA_Euk","microbial mat metagenome","SRP078933",NA,NA,NA,NA,NA,NA,NA,NA,NA,NA,NA,NA,NA
"SRR3931302","E527F_E1009R","surface","Ward_Hunt_Lake","Ice-Covered Lake","mat","Canada","WH_littoral_mat_1",NA,NA,97.6,8.66,NA,NA,0.2,0.11,41,NA,NA,NA,NA,NA,NA,NA,"PRJNA329332","SAMN05414733","Metagenome or environmental","19/07/2015","SRX1960769","Canada","North America","83.05 N 74.09 W","L1_DNA_Euk","microbial mat metagenome","SRP078933",NA,NA,NA,NA,NA,NA,NA,NA,NA,NA,NA,NA,NA
"SRR3931304","E527F_E1009R","deep","Ward_Hunt_Lake","Ice-Covered Lake","mat","Canada","WH_deep_mat_2",NA,NA,81,7.67,NA,NA,10,5.05,309,NA,NA,NA,NA,NA,NA,NA,"PRJNA329332","SAMN05414737","Metagenome or environmental","15/07/2015","SRX1960771","Canada","North America","83.05 N 74.08 W","DB2_DNA_Euk","microbial mat metagenome","SRP078933",NA,NA,NA,NA,NA,NA,NA,NA,NA,NA,NA,NA,NA
"SRR3931305","E527F_E1009R","shallow","Ward_Hunt_Lake","Ice-Covered Lake","mat","Canada","WH_shallow_mat_2",NA,NA,143.9,7.91,NA,NA,6,5.72,302,NA,NA,NA,NA,NA,NA,NA,"PRJNA329332","SAMN05414738","Metagenome or environmental","21/07/2015","SRX1960772","Canada","North America","83.05 N 74.10 W","SB2_DNA_Euk","microbial mat metagenome","SRP078933",NA,NA,NA,NA,NA,NA,NA,NA,NA,NA,NA,NA,NA
"SRR3931306","E527F_E1009R","surface","Ward_Hunt_Lake","Ice-Covered Lake","mat","Canada","WH_littoral_mat_2",NA,NA,97.6,8.66,NA,NA,0.2,0.11,41,NA,NA,NA,NA,NA,NA,NA,"PRJNA329332","SAMN05414739","Metagenome or environmental","19/07/2015","SRX1960773","Canada","North America","83.05 N 74.09 W","L2_DNA_Euk","microbial mat metagenome","SRP078933",NA,NA,NA,NA,NA,NA,NA,NA,NA,NA,NA,NA,NA
"SRR3931307","E527F_E1009R","deep","Ward_Hunt_Lake","Ice-Covered Lake","mat","Canada","WH_deep_mat_3",NA,NA,81,7.67,NA,NA,10,5.05,309,NA,NA,NA,NA,NA,NA,NA,"PRJNA329332","SAMN05414740","Metagenome or environmental","15/07/2015","SRX1960774","Canada","North America","83.05 N 74.08 W","DB3_DNA_Euk","microbial mat metagenome","SRP078933",NA,NA,NA,NA,NA,NA,NA,NA,NA,NA,NA,NA,NA
"SRR3931308","E527F_E1009R","shallow","Ward_Hunt_Lake","Ice-Covered Lake","mat","Canada","WH_shallow_mat_3",NA,NA,143.9,7.91,NA,NA,6,5.72,302,NA,NA,NA,NA,NA,NA,NA,"PRJNA329332","SAMN05414741","Metagenome or environmental","21/07/2015","SRX1960775","Canada","North America","83.05 N 74.10 W","SB3_DNA_Euk","microbial mat metagenome","SRP078933",NA,NA,NA,NA,NA,NA,NA,NA,NA,NA,NA,NA,NA
"SRR3931309","E527F_E1009R","surface","Ward_Hunt_Lake","Ice-Covered Lake","mat","Canada","WH_littoral_mat_3",NA,NA,97.6,8.66,NA,NA,0.2,0.11,41,NA,NA,NA,NA,NA,NA,NA,"PRJNA329332","SAMN05414742","Metagenome or environmental","19/07/2015","SRX1960776","Canada","North America","83.05 N 74.09 W","L3_DNA_Euk","microbial mat metagenome","SRP078933",NA,NA,NA,NA,NA,NA,NA,NA,NA,NA,NA,NA,NA
"SRR5837713","E527F_E1009R","surface","Ward_Hunt_Lake","Ice-Covered Lake","water","Canada","WH_water_track_3",NA,NA,NA,NA,NA,NA,NA,NA,NA,NA,NA,NA,NA,NA,NA,NA,"PRJNA329332","SAMN07198396","Metagenome or environmental","05/08/2014","SRX3014244","Canada","North America","83.0882 N 74.1669 W","WHIWaTracDNAEuk3","aquatic metagenome","SRP078933",NA,NA,NA,NA,NA,NA,NA,NA,NA,NA,NA,NA,NA
"SRR5837714","E527F_E1009R","surface","Ward_Hunt_Lake","Ice-Covered Lake","water","Canada","WH_snow_pack_3",NA,NA,109.3,NA,NA,NA,0,0.15,69.9,NA,NA,NA,NA,NA,NA,NA,"PRJNA329332","SAMN07198395","Metagenome or environmental","04/08/2014","SRX3014243","Canada","North America","83.0872 N 74.1924 W","WHISnowcDNAEuk3","aquatic metagenome","SRP078933",NA,NA,NA,NA,NA,NA,NA,NA,NA,NA,NA,NA,NA
"SRR5837716","E527F_E1009R","shallow","Ward_Hunt_Lake","Ice-Covered Lake","water","Canada","WH_epilimnion_1",NA,NA,92.8,NA,NA,NA,2,1.22,158,NA,NA,NA,NA,NA,NA,NA,"PRJNA329332","SAMN07198385","Metagenome or environmental","05/08/2014","SRX3014241","Canada","North America","83.0874 N 74.148 W","WHILakEpicDNAEuk1","aquatic metagenome","SRP078933",NA,NA,NA,NA,NA,NA,NA,NA,NA,NA,NA,NA,NA
"SRR5837717","E527F_E1009R","surface","Ward_Hunt_Lake","Ice-Covered Lake","water","Canada","WH_water_track_2",NA,NA,NA,NA,NA,NA,NA,NA,NA,NA,NA,NA,NA,NA,NA,NA,"PRJNA329332","SAMN07198390","Metagenome or environmental","05/08/2014","SRX3014240","Canada","North America","83.0897 N 74.2146 W","WHIWaTracDNAEuk2","aquatic metagenome","SRP078933",NA,NA,NA,NA,NA,NA,NA,NA,NA,NA,NA,NA,NA
"SRR5837718","E527F_E1009R","surface","Ward_Hunt_Lake","Ice-Covered Lake","water","Canada","WH_snow_pack_2",NA,NA,109.3,NA,NA,NA,0,0.15,69.9,NA,NA,NA,NA,NA,NA,NA,"PRJNA329332","SAMN07198389","Metagenome or environmental","04/08/2014","SRX3014239","Canada","North America","83.088 N 74.1893 W","WHISnowcDNAEuk2","aquatic metagenome","SRP078933",NA,NA,NA,NA,NA,NA,NA,NA,NA,NA,NA,NA,NA
"SRR5837719","E527F_E1009R","deep","Ward_Hunt_Lake","Ice-Covered Lake","water","Canada","WH_hypolimnion_2",NA,NA,58.8,NA,NA,NA,9.2,4.9,278,NA,NA,NA,NA,NA,NA,NA,"PRJNA329332","SAMN07198392","Metagenome or environmental","06/08/2014","SRX3014238","Canada","North America","83.0873 N 74.1484 W","WHILakHypocDNAEuk2","aquatic metagenome","SRP078933",NA,NA,NA,NA,NA,NA,NA,NA,NA,NA,NA,NA,NA
"SRR5837721","E527F_E1009R","shallow","Ward_Hunt_Lake","Ice-Covered Lake","water","Canada","WH_epilimnion_2",NA,NA,92.8,NA,NA,NA,2,1.22,158,NA,NA,NA,NA,NA,NA,NA,"PRJNA329332","SAMN07198391","Metagenome or environmental","05/08/2014","SRX3014236","Canada","North America","83.0874 N 74.1484 W","WHILakEpicDNAEuk2","aquatic metagenome","SRP078933",NA,NA,NA,NA,NA,NA,NA,NA,NA,NA,NA,NA,NA
"SRR5837732","E527F_E1009R","shallow","Ward_Hunt_Lake","Ice-Covered Lake","water","Canada","WH_lake_outlet_1",NA,NA,NA,NA,NA,NA,NA,NA,NA,NA,NA,NA,NA,NA,NA,NA,"PRJNA329332","SAMN07198387","Metagenome or environmental","06/08/2014","SRX3014225","Canada","North America","83.1629 N 74.19445 W","WHILakOutcDNAEuk1","aquatic metagenome","SRP078933",NA,NA,NA,NA,NA,NA,NA,NA,NA,NA,NA,NA,NA
"SRR5837733","E527F_E1009R","mid","Ward_Hunt_Lake","Ice-Covered Lake","water","Canada","WH_mixolimnion_1",NA,NA,55.6,NA,NA,NA,5.5,5.25,251,NA,NA,NA,NA,NA,NA,NA,"PRJNA329332","SAMN07198388","Metagenome or environmental","07/08/2014","SRX3014224","Canada","North America","83.0729 N 74.2312 W","WHIMixAOcDNAEuk1","aquatic metagenome","SRP078933",NA,NA,NA,NA,NA,NA,NA,NA,NA,NA,NA,NA,NA
"SRR5837734","E527F_E1009R","shallow","Ward_Hunt_Lake","Ice-Covered Lake","water","Canada","WH_lake_outlet_3",NA,NA,NA,NA,NA,NA,NA,NA,NA,NA,NA,NA,NA,NA,NA,NA,"PRJNA329332","SAMN07198399","Metagenome or environmental","06/08/2014","SRX3014223","Canada","North America","83.163 N 74.1989 W","WHILakOutcDNAEuk3","aquatic metagenome","SRP078933",NA,NA,NA,NA,NA,NA,NA,NA,NA,NA,NA,NA,NA
"SRR5837735","E527F_E1009R","mid","Ward_Hunt_Lake","Ice-Covered Lake","water","Canada","WH_mixolimnion_3",NA,NA,55.6,NA,NA,NA,5.5,5.25,251,NA,NA,NA,NA,NA,NA,NA,"PRJNA329332","SAMN07198400","Metagenome or environmental","07/08/2014","SRX3014222","Canada","North America","83.0721 N 74.2266 W","WHIMixAOcDNAEuk3","aquatic metagenome","SRP078933",NA,NA,NA,NA,NA,NA,NA,NA,NA,NA,NA,NA,NA
"SRR5837737","E527F_E1009R","surface","Ward_Hunt_Lake","Ice-Covered Lake","water","Canada","WH_snow_pack_1",NA,NA,109.3,NA,NA,NA,0,0.15,69.9,NA,NA,NA,NA,NA,NA,NA,"PRJNA329332","SAMN07198383","Metagenome or environmental","04/08/2014","SRX3014220","Canada","North America","83.0887 N 74.1885 W","WHISnowcDNAEuk1","aquatic metagenome","SRP078933",NA,NA,NA,NA,NA,NA,NA,NA,NA,NA,NA,NA,NA
"SRR5837738","E527F_E1009R","surface","Ward_Hunt_Lake","Ice-Covered Lake","water","Canada","WH_water_track_1",NA,NA,NA,NA,NA,NA,NA,NA,NA,NA,NA,NA,NA,NA,NA,NA,"PRJNA329332","SAMN07198384","Metagenome or environmental","05/08/2014","SRX3014219","Canada","North America","83.0887 N 74.1741 W","WHIWaTracDNAEuk1","aquatic metagenome","SRP078933",NA,NA,NA,NA,NA,NA,NA,NA,NA,NA,NA,NA,NA
"SRR5837745","E527F_E1009R","deep","Ward_Hunt_Lake","Ice-Covered Lake","water","Canada","WH_hypolimnion_1",NA,NA,58.8,NA,NA,NA,9.2,4.9,278,NA,NA,NA,NA,NA,NA,NA,"PRJNA329332","SAMN07198386","Metagenome or environmental","06/08/2014","SRX3014212","Canada","North America","83.0874 N 74.148 W","WHILakHypocDNAEuk1","aquatic metagenome","SRP078933",NA,NA,NA,NA,NA,NA,NA,NA,NA,NA,NA,NA,NA
"SRR5837752","E527F_E1009R","deep","Ward_Hunt_Lake","Ice-Covered Lake","water","Canada","WH_hypolimnion_3",NA,NA,58.8,NA,NA,NA,9.2,4.9,278,NA,NA,NA,NA,NA,NA,NA,"PRJNA329332","SAMN07198398","Metagenome or environmental","06/08/2014","SRX3014205","Canada","North America","83.0874 N 74.1482 W","WHILakHypocDNAEuk3","aquatic metagenome","SRP078933",NA,NA,NA,NA,NA,NA,NA,NA,NA,NA,NA,NA,NA
"SRR5837753","E527F_E1009R","shallow","Ward_Hunt_Lake","Ice-Covered Lake","water","Canada","WH_epilimnion_3",NA,NA,92.8,NA,NA,NA,2,1.22,158,NA,NA,NA,NA,NA,NA,NA,"PRJNA329332","SAMN07198397","Metagenome or environmental","05/08/2014","SRX3014204","Canada","North America","83.0874 N 74.1482 W","WHILakEpicDNAEuk3","aquatic metagenome","SRP078933",NA,NA,NA,NA,NA,NA,NA,NA,NA,NA,NA,NA,NA
"SRR5837762","E527F_E1009R","mid","Ward_Hunt_Lake","Ice-Covered Lake","water","Canada","WH_mixolimnion_2",NA,NA,55.6,NA,NA,NA,5.5,5.25,251,NA,NA,NA,NA,NA,NA,NA,"PRJNA329332","SAMN07198394","Metagenome or environmental","07/08/2014","SRX3014195","Canada","North America","83.0735 N 74.2374 W","WHIMixAOcDNAEuk2","aquatic metagenome","SRP078933",NA,NA,NA,NA,NA,NA,NA,NA,NA,NA,NA,NA,NA
"SRR5837763","E527F_E1009R","shallow","Ward_Hunt_Lake","Ice-Covered Lake","water","Canada","WH_lake_outlet_2",NA,NA,NA,NA,NA,NA,NA,NA,NA,NA,NA,NA,NA,NA,NA,NA,"PRJNA329332","SAMN07198393","Metagenome or environmental","06/08/2014","SRX3014194","Canada","North America","83.163 N 74.1989 W","WHILakOutcDNAEuk2","aquatic metagenome","SRP078933",NA,NA,NA,NA,NA,NA,NA,NA,NA,NA,NA,NA,NA
"SRR17879716","E527F_E1009R","surface","Sheldrake_River","River","water","Canada","R9_DNA_small",NA,NA,NA,NA,NA,NA,NA,NA,NA,NA,NA,NA,NA,NA,NA,NA,"PRJNA803180","SAMN25638981","MIMARKS.survey,MIGS/MIMS/MIMARKS.water","27/08/2019","SRX14039142","Canada","North America","56.629550 N 76.529700 W","R9.DNA.S.18S","freshwater metagenome","SRP358197",NA,NA,NA,NA,NA,NA,NA,NA,NA,NA,NA,NA,NA
"SRR17879717","E527F_E1009R","surface","Sheldrake_River","River","water","Canada","R9_DNA_large",NA,NA,NA,NA,NA,NA,NA,NA,NA,NA,NA,NA,NA,NA,NA,NA,"PRJNA803180","SAMN25638980","MIMARKS.survey,MIGS/MIMS/MIMARKS.water","27/08/2019","SRX14039141","Canada","North America","56.629550 N 76.529700 W","R9.DNA.L.18S","freshwater metagenome","SRP358197",NA,NA,NA,NA,NA,NA,NA,NA,NA,NA,NA,NA,NA
"SRR17879718","E527F_E1009R","surface","Sheldrake_River","River","water","Canada","R8_RNA_small",NA,NA,NA,NA,NA,NA,NA,NA,NA,NA,NA,NA,NA,NA,NA,NA,"PRJNA803180","SAMN25638979","MIMARKS.survey,MIGS/MIMS/MIMARKS.water","26/08/2019","SRX14039140","Canada","North America","56.628333 N 76.493417 W","R8.RNA.S.18S","freshwater metagenome","SRP358197",NA,NA,NA,NA,NA,NA,NA,NA,NA,NA,NA,NA,NA
"SRR17879719","E527F_E1009R","surface","Sheldrake_River","River","water","Canada","R8_RNA_large",NA,NA,NA,NA,NA,NA,NA,NA,NA,NA,NA,NA,NA,NA,NA,NA,"PRJNA803180","SAMN25638978","MIMARKS.survey,MIGS/MIMS/MIMARKS.water","26/08/2019","SRX14039139","Canada","North America","56.628333 N 76.493417 W","R8.RNA.L.18S","freshwater metagenome","SRP358197",NA,NA,NA,NA,NA,NA,NA,NA,NA,NA,NA,NA,NA
"SRR17879720","E527F_E1009R","surface","Sheldrake_River","River","water","Canada","R8_DNA_small",NA,NA,NA,NA,NA,NA,NA,NA,NA,NA,NA,NA,NA,NA,NA,NA,"PRJNA803180","SAMN25638977","MIMARKS.survey,MIGS/MIMS/MIMARKS.water","26/08/2019","SRX14039138","Canada","North America","56.628333 N 76.493417 W","R8.DNA.S.18S","freshwater metagenome","SRP358197",NA,NA,NA,NA,NA,NA,NA,NA,NA,NA,NA,NA,NA
"SRR17879721","E527F_E1009R","surface","Sheldrake_River","River","water","Canada","R8_DNA_large",NA,NA,NA,NA,NA,NA,NA,NA,NA,NA,NA,NA,NA,NA,NA,NA,"PRJNA803180","SAMN25638976","MIMARKS.survey,MIGS/MIMS/MIMARKS.water","26/08/2019","SRX14039137","Canada","North America","56.628333 N 76.493417 W","R8.DNA.L.18S","freshwater metagenome","SRP358197",NA,NA,NA,NA,NA,NA,NA,NA,NA,NA,NA,NA,NA
"SRR17879722","E527F_E1009R","surface","Sheldrake_River","River","water","Canada","R7_RNA_small",NA,NA,NA,NA,NA,NA,NA,NA,NA,NA,NA,NA,NA,NA,NA,NA,"PRJNA803180","SAMN25638975","MIMARKS.survey,MIGS/MIMS/MIMARKS.water","25/08/2019","SRX14039136","Canada","North America","56.624217 N 76.438467 W","R7.RNA.S.18S","freshwater metagenome","SRP358197",NA,NA,NA,NA,NA,NA,NA,NA,NA,NA,NA,NA,NA
"SRR17879723","E527F_E1009R","surface","Sheldrake_River","River","water","Canada","R7_RNA_large",NA,NA,NA,NA,NA,NA,NA,NA,NA,NA,NA,NA,NA,NA,NA,NA,"PRJNA803180","SAMN25638974","MIMARKS.survey,MIGS/MIMS/MIMARKS.water","25/08/2019","SRX14039135","Canada","North America","56.624217 N 76.438467 W","R7.RNA.L.18S","freshwater metagenome","SRP358197",NA,NA,NA,NA,NA,NA,NA,NA,NA,NA,NA,NA,NA
"SRR17879724","E527F_E1009R","surface","Sheldrake_River","River","water","Canada","R7_DNA_small",NA,NA,NA,NA,NA,NA,NA,NA,NA,NA,NA,NA,NA,NA,NA,NA,"PRJNA803180","SAMN25638973","MIMARKS.survey,MIGS/MIMS/MIMARKS.water","25/08/2019","SRX14039134","Canada","North America","56.624217 N 76.438467 W","R7.DNA.S.18S","freshwater metagenome","SRP358197",NA,NA,NA,NA,NA,NA,NA,NA,NA,NA,NA,NA,NA
"SRR17879725","E527F_E1009R","surface","Sheldrake_River","River","water","Canada","R7_DNA_large",NA,NA,NA,NA,NA,NA,NA,NA,NA,NA,NA,NA,NA,NA,NA,NA,"PRJNA803180","SAMN25638972","MIMARKS.survey,MIGS/MIMS/MIMARKS.water","25/08/2019","SRX14039133","Canada","North America","56.624217 N 76.438467 W","R7.DNA.L.18S","freshwater metagenome","SRP358197",NA,NA,NA,NA,NA,NA,NA,NA,NA,NA,NA,NA,NA
"SRR17879727","E527F_E1009R","surface","Sheldrake_River","River","water","Canada","R6_RNA_small",NA,NA,NA,NA,NA,NA,NA,NA,NA,NA,NA,NA,NA,NA,NA,NA,"PRJNA803180","SAMN25638971","MIMARKS.survey,MIGS/MIMS/MIMARKS.water","26/08/2019","SRX14039131","Canada","North America","56.620233 N 76.382383 W","R6.RNA.S.18S","freshwater metagenome","SRP358197",NA,NA,NA,NA,NA,NA,NA,NA,NA,NA,NA,NA,NA
"SRR17879728","E527F_E1009R","surface","Sheldrake_River","River","water","Canada","R6_RNA_large",NA,NA,NA,NA,NA,NA,NA,NA,NA,NA,NA,NA,NA,NA,NA,NA,"PRJNA803180","SAMN25638970","MIMARKS.survey,MIGS/MIMS/MIMARKS.water","26/08/2019","SRX14039130","Canada","North America","56.620233 N 76.382383 W","R6.RNA.L.18S","freshwater metagenome","SRP358197",NA,NA,NA,NA,NA,NA,NA,NA,NA,NA,NA,NA,NA
"SRR17879729","E527F_E1009R","surface","Sheldrake_River","River","water","Canada","R6_DNA_small",NA,NA,NA,NA,NA,NA,NA,NA,NA,NA,NA,NA,NA,NA,NA,NA,"PRJNA803180","SAMN25638969","MIMARKS.survey,MIGS/MIMS/MIMARKS.water","26/08/2019","SRX14039129","Canada","North America","56.620233 N 76.382383 W","R6.DNA.S.18S","freshwater metagenome","SRP358197",NA,NA,NA,NA,NA,NA,NA,NA,NA,NA,NA,NA,NA
"SRR17879755","E527F_E1009R","surface","Hudson_Bay","Bay","water","Canada","B_RNA_small",NA,NA,NA,NA,NA,NA,NA,NA,NA,NA,NA,NA,NA,NA,NA,NA,"PRJNA803180","SAMN25639007","MIMARKS.survey,MIGS/MIMS/MIMARKS.water","23/08/2019","SRX14039103","Canada","North America","56.627417 N 76.580983 W","B.RNA.S.18S","marine metagenome","SRP358197",NA,NA,NA,NA,NA,NA,NA,NA,NA,NA,NA,NA,NA
"SRR17879756","E527F_E1009R","surface","Hudson_Bay","Bay","water","Canada","B_RNA_large",NA,NA,NA,NA,NA,NA,NA,NA,NA,NA,NA,NA,NA,NA,NA,NA,"PRJNA803180","SAMN25639006","MIMARKS.survey,MIGS/MIMS/MIMARKS.water","23/08/2019","SRX14039102","Canada","North America","56.627417 N 76.580983 W","B.RNA.L.18S","marine metagenome","SRP358197",NA,NA,NA,NA,NA,NA,NA,NA,NA,NA,NA,NA,NA
"SRR17879757","E527F_E1009R","surface","Hudson_Bay","Bay","water","Canada","B_DNA_small",NA,NA,NA,NA,NA,NA,NA,NA,NA,NA,NA,NA,NA,NA,NA,NA,"PRJNA803180","SAMN25639005","MIMARKS.survey,MIGS/MIMS/MIMARKS.water","23/08/2019","SRX14039101","Canada","North America","56.627417 N 76.580983 W","B.DNA.S.18S","marine metagenome","SRP358197",NA,NA,NA,NA,NA,NA,NA,NA,NA,NA,NA,NA,NA
"SRR17879758","E527F_E1009R","surface","Sheldrake_River","River","water","Canada","R6_DNA_large",NA,NA,NA,NA,NA,NA,NA,NA,NA,NA,NA,NA,NA,NA,NA,NA,"PRJNA803180","SAMN25638968","MIMARKS.survey,MIGS/MIMS/MIMARKS.water","26/08/2019","SRX14039100","Canada","North America","56.620233 N 76.382383 W","R6.DNA.L.18S","freshwater metagenome","SRP358197",NA,NA,NA,NA,NA,NA,NA,NA,NA,NA,NA,NA,NA
"SRR17879759","E527F_E1009R","surface","Sheldrake_River","River","water","Canada","R5_RNA_small",NA,NA,NA,NA,NA,NA,NA,NA,NA,NA,NA,NA,NA,NA,NA,NA,"PRJNA803180","SAMN25638967","MIMARKS.survey,MIGS/MIMS/MIMARKS.water","27/08/2019","SRX14039099","Canada","North America","56.615750 N 76.339800 W","R5.RNA.S.18S","freshwater metagenome","SRP358197",NA,NA,NA,NA,NA,NA,NA,NA,NA,NA,NA,NA,NA
"SRR17879760","E527F_E1009R","surface","Sheldrake_River","River","water","Canada","R5_RNA_large",NA,NA,NA,NA,NA,NA,NA,NA,NA,NA,NA,NA,NA,NA,NA,NA,"PRJNA803180","SAMN25638966","MIMARKS.survey,MIGS/MIMS/MIMARKS.water","27/08/2019","SRX14039098","Canada","North America","56.615750 N 76.339800 W","R5.RNA.L.18S","freshwater metagenome","SRP358197",NA,NA,NA,NA,NA,NA,NA,NA,NA,NA,NA,NA,NA
"SRR17879761","E527F_E1009R","surface","Sheldrake_River","River","water","Canada","R5_DNA_small",NA,NA,NA,NA,NA,NA,NA,NA,NA,NA,NA,NA,NA,NA,NA,NA,"PRJNA803180","SAMN25638965","MIMARKS.survey,MIGS/MIMS/MIMARKS.water","27/08/2019","SRX14039097","Canada","North America","56.615750 N 76.339800 W","R5.DNA.S.18S","freshwater metagenome","SRP358197",NA,NA,NA,NA,NA,NA,NA,NA,NA,NA,NA,NA,NA
"SRR17879762","E527F_E1009R","surface","Sheldrake_River","River","water","Canada","R5_DNA_large",NA,NA,NA,NA,NA,NA,NA,NA,NA,NA,NA,NA,NA,NA,NA,NA,"PRJNA803180","SAMN25638964","MIMARKS.survey,MIGS/MIMS/MIMARKS.water","27/08/2019","SRX14039096","Canada","North America","56.615750 N 76.339800 W","R5.DNA.L.18S","freshwater metagenome","SRP358197",NA,NA,NA,NA,NA,NA,NA,NA,NA,NA,NA,NA,NA
"SRR17879763","E527F_E1009R","surface","Sheldrake_River","River","water","Canada","R4_RNA_small",NA,NA,NA,NA,NA,NA,NA,NA,NA,NA,NA,NA,NA,NA,NA,NA,"PRJNA803180","SAMN25638963","MIMARKS.survey,MIGS/MIMS/MIMARKS.water","27/08/2019","SRX14039095","Canada","North America","56.629867 N 76.282017 W","R4.RNA.S.18S","freshwater metagenome","SRP358197",NA,NA,NA,NA,NA,NA,NA,NA,NA,NA,NA,NA,NA
"SRR17879764","E527F_E1009R","surface","Sheldrake_River","River","water","Canada","R4_RNA_large",NA,NA,NA,NA,NA,NA,NA,NA,NA,NA,NA,NA,NA,NA,NA,NA,"PRJNA803180","SAMN25638962","MIMARKS.survey,MIGS/MIMS/MIMARKS.water","27/08/2019","SRX14039094","Canada","North America","56.629867 N 76.282017 W","R4.RNA.L.18S","freshwater metagenome","SRP358197",NA,NA,NA,NA,NA,NA,NA,NA,NA,NA,NA,NA,NA
"SRR17879766","E527F_E1009R","surface","Sheldrake_River","River","water","Canada","R4_DNA_small",NA,NA,NA,NA,NA,NA,NA,NA,NA,NA,NA,NA,NA,NA,NA,NA,"PRJNA803180","SAMN25638961","MIMARKS.survey,MIGS/MIMS/MIMARKS.water","27/08/2019","SRX14039092","Canada","North America","56.629867 N 76.282017 W","R4.DNA.S.18S","freshwater metagenome","SRP358197",NA,NA,NA,NA,NA,NA,NA,NA,NA,NA,NA,NA,NA
"SRR17879767","E527F_E1009R","surface","Sheldrake_River","River","water","Canada","R4_DNA_large",NA,NA,NA,NA,NA,NA,NA,NA,NA,NA,NA,NA,NA,NA,NA,NA,"PRJNA803180","SAMN25638960","MIMARKS.survey,MIGS/MIMS/MIMARKS.water","27/08/2019","SRX14039091","Canada","North America","56.629867 N 76.282017 W","R4.DNA.L.18S","freshwater metagenome","SRP358197",NA,NA,NA,NA,NA,NA,NA,NA,NA,NA,NA,NA,NA
"SRR17879768","E527F_E1009R","surface","Sheldrake_River","River","water","Canada","R3_RNA_small",NA,NA,NA,NA,NA,NA,NA,NA,NA,NA,NA,NA,NA,NA,NA,NA,"PRJNA803180","SAMN25638959","MIMARKS.survey,MIGS/MIMS/MIMARKS.water","26/08/2019","SRX14039090","Canada","North America","56.625150 N 76.248483 W","R3.RNA.S.18S","freshwater metagenome","SRP358197",NA,NA,NA,NA,NA,NA,NA,NA,NA,NA,NA,NA,NA
"SRR17879769","E527F_E1009R","surface","Sheldrake_River","River","water","Canada","R3_RNA_large",NA,NA,NA,NA,NA,NA,NA,NA,NA,NA,NA,NA,NA,NA,NA,NA,"PRJNA803180","SAMN25638958","MIMARKS.survey,MIGS/MIMS/MIMARKS.water","26/08/2019","SRX14039089","Canada","North America","56.625150 N 76.248483 W","R3.RNA.L.18S","freshwater metagenome","SRP358197",NA,NA,NA,NA,NA,NA,NA,NA,NA,NA,NA,NA,NA
"SRR17879770","E527F_E1009R","surface","Sheldrake_River","River","water","Canada","R3_DNA_small",NA,NA,NA,NA,NA,NA,NA,NA,NA,NA,NA,NA,NA,NA,NA,NA,"PRJNA803180","SAMN25638957","MIMARKS.survey,MIGS/MIMS/MIMARKS.water","26/08/2019","SRX14039088","Canada","North America","56.625150 N 76.248483 W","R3.DNA.S.18S","freshwater metagenome","SRP358197",NA,NA,NA,NA,NA,NA,NA,NA,NA,NA,NA,NA,NA
"SRR17879771","E527F_E1009R","surface","Sheldrake_River","River","water","Canada","R3_DNA_large",NA,NA,NA,NA,NA,NA,NA,NA,NA,NA,NA,NA,NA,NA,NA,NA,"PRJNA803180","SAMN25638956","MIMARKS.survey,MIGS/MIMS/MIMARKS.water","26/08/2019","SRX14039087","Canada","North America","56.625150 N 76.248483 W","R3.DNA.L.18S","freshwater metagenome","SRP358197",NA,NA,NA,NA,NA,NA,NA,NA,NA,NA,NA,NA,NA
"SRR17879772","E527F_E1009R","surface","Sheldrake_River","River","water","Canada","R2_RNA_small",NA,NA,NA,NA,NA,NA,NA,NA,NA,NA,NA,NA,NA,NA,NA,NA,"PRJNA803180","SAMN25638955","MIMARKS.survey,MIGS/MIMS/MIMARKS.water","25/08/2019","SRX14039086","Canada","North America","56.620050 N 76.216433 W","R2.RNA.S.18S","freshwater metagenome","SRP358197",NA,NA,NA,NA,NA,NA,NA,NA,NA,NA,NA,NA,NA
"SRR17879773","E527F_E1009R","surface","Sheldrake_River","River","water","Canada","R2_DNA_small",NA,NA,NA,NA,NA,NA,NA,NA,NA,NA,NA,NA,NA,NA,NA,NA,"PRJNA803180","SAMN25638954","MIMARKS.survey,MIGS/MIMS/MIMARKS.water","25/08/2019","SRX14039085","Canada","North America","56.620050 N 76.216433 W","R2.DNA.S.18S","freshwater metagenome","SRP358197",NA,NA,NA,NA,NA,NA,NA,NA,NA,NA,NA,NA,NA
"SRR17879774","E527F_E1009R","surface","Sheldrake_River","River","water","Canada","R2_DNA_large",NA,NA,NA,NA,NA,NA,NA,NA,NA,NA,NA,NA,NA,NA,NA,NA,"PRJNA803180","SAMN25638953","MIMARKS.survey,MIGS/MIMS/MIMARKS.water","25/08/2019","SRX14039084","Canada","North America","56.620050 N 76.216433 W","R2.DNA.L.18S","freshwater metagenome","SRP358197",NA,NA,NA,NA,NA,NA,NA,NA,NA,NA,NA,NA,NA
"SRR17879775","E527F_E1009R","surface","Sheldrake_River","River","water","Canada","R1_RNA_small",NA,NA,NA,NA,NA,NA,NA,NA,NA,NA,NA,NA,NA,NA,NA,NA,"PRJNA803180","SAMN25638952","MIMARKS.survey,MIGS/MIMS/MIMARKS.water","26/08/2019","SRX14039083","Canada","North America","56.614600 N 76.174683 W","R1.RNA.S.18S","freshwater metagenome","SRP358197",NA,NA,NA,NA,NA,NA,NA,NA,NA,NA,NA,NA,NA
"SRR17879777","E527F_E1009R","surface","Sheldrake_River","River","water","Canada","R1_RNA_large",NA,NA,NA,NA,NA,NA,NA,NA,NA,NA,NA,NA,NA,NA,NA,NA,"PRJNA803180","SAMN25638951","MIMARKS.survey,MIGS/MIMS/MIMARKS.water","26/08/2019","SRX14039081","Canada","North America","56.614600 N 76.174683 W","R1.RNA.L.18S","freshwater metagenome","SRP358197",NA,NA,NA,NA,NA,NA,NA,NA,NA,NA,NA,NA,NA
"SRR17879778","E527F_E1009R","surface","Sheldrake_River","River","water","Canada","R1_DNA_small",NA,NA,NA,NA,NA,NA,NA,NA,NA,NA,NA,NA,NA,NA,NA,NA,"PRJNA803180","SAMN25638950","MIMARKS.survey,MIGS/MIMS/MIMARKS.water","26/08/2019","SRX14039080","Canada","North America","56.614600 N 76.174683 W","R1.DNA.S.18S","freshwater metagenome","SRP358197",NA,NA,NA,NA,NA,NA,NA,NA,NA,NA,NA,NA,NA
"SRR17879779","E527F_E1009R","surface","Sheldrake_River","River","water","Canada","R1_DNA_large",NA,NA,NA,NA,NA,NA,NA,NA,NA,NA,NA,NA,NA,NA,NA,NA,"PRJNA803180","SAMN25638949","MIMARKS.survey,MIGS/MIMS/MIMARKS.water","26/08/2019","SRX14039079","Canada","North America","56.614600 N 76.174683 W","R1.DNA.L.18S","freshwater metagenome","SRP358197",NA,NA,NA,NA,NA,NA,NA,NA,NA,NA,NA,NA,NA
"SRR17879780","E527F_E1009R","surface","Sheldrake_Lake","Lake","water","Canada","L_RNA_small",NA,NA,NA,NA,NA,NA,NA,NA,NA,NA,NA,NA,NA,NA,NA,NA,"PRJNA803180","SAMN25638948","MIMARKS.survey,MIGS/MIMS/MIMARKS.water","25/08/2019","SRX14039078","Canada","North America","56.616133 N 76.084350 W","L.RNA.S.18S","freshwater metagenome","SRP358197",NA,NA,NA,NA,NA,NA,NA,NA,NA,NA,NA,NA,NA
"SRR17879781","E527F_E1009R","surface","Sheldrake_Lake","Lake","water","Canada","L_RNA_large",NA,NA,NA,NA,NA,NA,NA,NA,NA,NA,NA,NA,NA,NA,NA,NA,"PRJNA803180","SAMN25638947","MIMARKS.survey,MIGS/MIMS/MIMARKS.water","25/08/2019","SRX14039077","Canada","North America","56.616133 N 76.084350 W","L.RNA.L.18S","freshwater metagenome","SRP358197",NA,NA,NA,NA,NA,NA,NA,NA,NA,NA,NA,NA,NA
"SRR17879782","E527F_E1009R","surface","Sheldrake_Lake","Lake","water","Canada","L_DNA_small",NA,NA,NA,NA,NA,NA,NA,NA,NA,NA,NA,NA,NA,NA,NA,NA,"PRJNA803180","SAMN25638946","MIMARKS.survey,MIGS/MIMS/MIMARKS.water","25/08/2019","SRX14039076","Canada","North America","56.616133 N 76.084350 W","L.DNA.S.18S","freshwater metagenome","SRP358197",NA,NA,NA,NA,NA,NA,NA,NA,NA,NA,NA,NA,NA
"SRR17879783","E527F_E1009R","surface","Sheldrake_Lake","Lake","water","Canada","L_DNA_large",NA,NA,NA,NA,NA,NA,NA,NA,NA,NA,NA,NA,NA,NA,NA,NA,"PRJNA803180","SAMN25638945","MIMARKS.survey,MIGS/MIMS/MIMARKS.water","25/08/2019","SRX14039075","Canada","North America","56.616133 N 76.084350 W","L.DNA.L.18S","freshwater metagenome","SRP358197",NA,NA,NA,NA,NA,NA,NA,NA,NA,NA,NA,NA,NA
"SRR17879786","E527F_E1009R","surface","Hudson_Bay","Bay","water","Canada","B_DNA_large",NA,NA,NA,NA,NA,NA,NA,NA,NA,NA,NA,NA,NA,NA,NA,NA,"PRJNA803180","SAMN25639004","MIMARKS.survey,MIGS/MIMS/MIMARKS.water","23/08/2019","SRX14039072","Canada","North America","56.627417 N 76.580983 W","B.DNA.L.18S","marine metagenome","SRP358197",NA,NA,NA,NA,NA,NA,NA,NA,NA,NA,NA,NA,NA
"SRR17879787","E527F_E1009R","surface","Hudson_Bay_Estuary","Estuary","water","Canada","P3_RNA_small",NA,NA,NA,NA,NA,NA,NA,NA,NA,NA,NA,NA,NA,NA,NA,NA,"PRJNA803180","SAMN25639003","MIMARKS.survey,MIGS/MIMS/MIMARKS.water","23/08/2019","SRX14039071","Canada","North America","56.634117 N 76.541389 W","P3.RNA.S.18S","estuary metagenome","SRP358197",NA,NA,NA,NA,NA,NA,NA,NA,NA,NA,NA,NA,NA
"SRR17879788","E527F_E1009R","surface","Hudson_Bay_Estuary","Estuary","water","Canada","P3_RNA_large",NA,NA,NA,NA,NA,NA,NA,NA,NA,NA,NA,NA,NA,NA,NA,NA,"PRJNA803180","SAMN25639002","MIMARKS.survey,MIGS/MIMS/MIMARKS.water","23/08/2019","SRX14039070","Canada","North America","56.634117 N 76.541389 W","P3.RNA.L.18S","estuary metagenome","SRP358197",NA,NA,NA,NA,NA,NA,NA,NA,NA,NA,NA,NA,NA
"SRR17879790","E527F_E1009R","surface","Hudson_Bay_Estuary","Estuary","water","Canada","P3_DNA_small",NA,NA,NA,NA,NA,NA,NA,NA,NA,NA,NA,NA,NA,NA,NA,NA,"PRJNA803180","SAMN25639001","MIMARKS.survey,MIGS/MIMS/MIMARKS.water","23/08/2019","SRX14039068","Canada","North America","56.634117 N 76.541389 W","P3.DNA.S.18S","estuary metagenome","SRP358197",NA,NA,NA,NA,NA,NA,NA,NA,NA,NA,NA,NA,NA
"SRR17879791","E527F_E1009R","surface","Hudson_Bay_Estuary","Estuary","water","Canada","P3_DNA_large",NA,NA,NA,NA,NA,NA,NA,NA,NA,NA,NA,NA,NA,NA,NA,NA,"PRJNA803180","SAMN25639000","MIMARKS.survey,MIGS/MIMS/MIMARKS.water","23/08/2019","SRX14039067","Canada","North America","56.634117 N 76.541389 W","P3.DNA.L.18S","estuary metagenome","SRP358197",NA,NA,NA,NA,NA,NA,NA,NA,NA,NA,NA,NA,NA
"SRR17879792","E527F_E1009R","surface","Hudson_Bay_Estuary","Estuary","water","Canada","P2_RNA_small",NA,NA,NA,NA,NA,NA,NA,NA,NA,NA,NA,NA,NA,NA,NA,NA,"PRJNA803180","SAMN25638999","MIMARKS.survey,MIGS/MIMS/MIMARKS.water","23/08/2019","SRX14039066","Canada","North America","56.631750 N 76.538967 W","P2.RNA.S.18S","estuary metagenome","SRP358197",NA,NA,NA,NA,NA,NA,NA,NA,NA,NA,NA,NA,NA
"SRR17879793","E527F_E1009R","surface","Hudson_Bay_Estuary","Estuary","water","Canada","P2_RNA_large",NA,NA,NA,NA,NA,NA,NA,NA,NA,NA,NA,NA,NA,NA,NA,NA,"PRJNA803180","SAMN25638998","MIMARKS.survey,MIGS/MIMS/MIMARKS.water","23/08/2019","SRX14039065","Canada","North America","56.631750 N 76.538967 W","P2.RNA.L.18S","estuary metagenome","SRP358197",NA,NA,NA,NA,NA,NA,NA,NA,NA,NA,NA,NA,NA
"SRR17879794","E527F_E1009R","surface","Hudson_Bay_Estuary","Estuary","water","Canada","P2_DNA_small",NA,NA,NA,NA,NA,NA,NA,NA,NA,NA,NA,NA,NA,NA,NA,NA,"PRJNA803180","SAMN25638997","MIMARKS.survey,MIGS/MIMS/MIMARKS.water","23/08/2019","SRX14039064","Canada","North America","56.631750 N 76.538967 W","P2.DNA.S.18S","estuary metagenome","SRP358197",NA,NA,NA,NA,NA,NA,NA,NA,NA,NA,NA,NA,NA
"SRR17879795","E527F_E1009R","surface","Hudson_Bay_Estuary","Estuary","water","Canada","P2_DNA_large",NA,NA,NA,NA,NA,NA,NA,NA,NA,NA,NA,NA,NA,NA,NA,NA,"PRJNA803180","SAMN25638996","MIMARKS.survey,MIGS/MIMS/MIMARKS.water","23/08/2019","SRX14039063","Canada","North America","56.631750 N 76.538967 W","P2.DNA.L.18S","estuary metagenome","SRP358197",NA,NA,NA,NA,NA,NA,NA,NA,NA,NA,NA,NA,NA
"SRR17879796","E527F_E1009R","surface","Hudson_Bay_Estuary","Estuary","water","Canada","P1_RNA_small",NA,NA,NA,NA,NA,NA,NA,NA,NA,NA,NA,NA,NA,NA,NA,NA,"PRJNA803180","SAMN25638995","MIMARKS.survey,MIGS/MIMS/MIMARKS.water","23/08/2019","SRX14039062","Canada","North America","56.630383 N 76.535850 W","P1.RNA.S.18S","estuary metagenome","SRP358197",NA,NA,NA,NA,NA,NA,NA,NA,NA,NA,NA,NA,NA
"SRR17879797","E527F_E1009R","surface","Hudson_Bay_Estuary","Estuary","water","Canada","P1_RNA_large",NA,NA,NA,NA,NA,NA,NA,NA,NA,NA,NA,NA,NA,NA,NA,NA,"PRJNA803180","SAMN25638994","MIMARKS.survey,MIGS/MIMS/MIMARKS.water","23/08/2019","SRX14039061","Canada","North America","56.630383 N 76.535850 W","P1.RNA.L.18S","estuary metagenome","SRP358197",NA,NA,NA,NA,NA,NA,NA,NA,NA,NA,NA,NA,NA
"SRR17879798","E527F_E1009R","surface","Hudson_Bay_Estuary","Estuary","water","Canada","P1_DNA_small",NA,NA,NA,NA,NA,NA,NA,NA,NA,NA,NA,NA,NA,NA,NA,NA,"PRJNA803180","SAMN25638993","MIMARKS.survey,MIGS/MIMS/MIMARKS.water","23/08/2019","SRX14039060","Canada","North America","56.630383 N 76.535850 W","P1.DNA.S.18S","estuary metagenome","SRP358197",NA,NA,NA,NA,NA,NA,NA,NA,NA,NA,NA,NA,NA
"SRR17879799","E527F_E1009R","surface","Hudson_Bay_Estuary","Estuary","water","Canada","P1_DNA_large",NA,NA,NA,NA,NA,NA,NA,NA,NA,NA,NA,NA,NA,NA,NA,NA,"PRJNA803180","SAMN25638992","MIMARKS.survey,MIGS/MIMS/MIMARKS.water","23/08/2019","SRX14039059","Canada","North America","56.630383 N 76.535850 W","P1.DNA.L.18S","estuary metagenome","SRP358197",NA,NA,NA,NA,NA,NA,NA,NA,NA,NA,NA,NA,NA
"SRR17879801","E527F_E1009R","surface","Sheldrake_River_Tributary","River","water","Canada","T2_RNA_small",NA,NA,NA,NA,NA,NA,NA,NA,NA,NA,NA,NA,NA,NA,NA,NA,"PRJNA803180","SAMN25638991","MIMARKS.survey,MIGS/MIMS/MIMARKS.water","27/08/2019","SRX14039057","Canada","North America","56.632667 N 76.315950 W","T2.RNA.S.18S","freshwater metagenome","SRP358197",NA,NA,NA,NA,NA,NA,NA,NA,NA,NA,NA,NA,NA
"SRR17879802","E527F_E1009R","surface","Sheldrake_River_Tributary","River","water","Canada","T2_RNA_large",NA,NA,NA,NA,NA,NA,NA,NA,NA,NA,NA,NA,NA,NA,NA,NA,"PRJNA803180","SAMN25638990","MIMARKS.survey,MIGS/MIMS/MIMARKS.water","27/08/2019","SRX14039056","Canada","North America","56.632667 N 76.315950 W","T2.RNA.L.18S","freshwater metagenome","SRP358197",NA,NA,NA,NA,NA,NA,NA,NA,NA,NA,NA,NA,NA
"SRR17879803","E527F_E1009R","surface","Sheldrake_River_Tributary","River","water","Canada","T2_DNA_small",NA,NA,NA,NA,NA,NA,NA,NA,NA,NA,NA,NA,NA,NA,NA,NA,"PRJNA803180","SAMN25638989","MIMARKS.survey,MIGS/MIMS/MIMARKS.water","27/08/2019","SRX14039055","Canada","North America","56.632667 N 76.315950 W","T2.DNA.S.18S","freshwater metagenome","SRP358197",NA,NA,NA,NA,NA,NA,NA,NA,NA,NA,NA,NA,NA
"SRR17879804","E527F_E1009R","surface","Sheldrake_River_Tributary","River","water","Canada","T2_DNA_large",NA,NA,NA,NA,NA,NA,NA,NA,NA,NA,NA,NA,NA,NA,NA,NA,"PRJNA803180","SAMN25638988","MIMARKS.survey,MIGS/MIMS/MIMARKS.water","27/08/2019","SRX14039054","Canada","North America","56.632667 N 76.315950 W","T2.DNA.L.18S","freshwater metagenome","SRP358197",NA,NA,NA,NA,NA,NA,NA,NA,NA,NA,NA,NA,NA
"SRR17879805","E527F_E1009R","surface","Sheldrake_River_Tributary","River","water","Canada","T1_RNA_small",NA,NA,NA,NA,NA,NA,NA,NA,NA,NA,NA,NA,NA,NA,NA,NA,"PRJNA803180","SAMN25638987","MIMARKS.survey,MIGS/MIMS/MIMARKS.water","25/08/2019","SRX14039053","Canada","North America","56.638217 N 76.340200 W","T1.RNA.S.18S","freshwater metagenome","SRP358197",NA,NA,NA,NA,NA,NA,NA,NA,NA,NA,NA,NA,NA
"SRR17879806","E527F_E1009R","surface","Sheldrake_River_Tributary","River","water","Canada","T1_RNA_large",NA,NA,NA,NA,NA,NA,NA,NA,NA,NA,NA,NA,NA,NA,NA,NA,"PRJNA803180","SAMN25638986","MIMARKS.survey,MIGS/MIMS/MIMARKS.water","25/08/2019","SRX14039052","Canada","North America","56.638217 N 76.340200 W","T1.RNA.L.18S","freshwater metagenome","SRP358197",NA,NA,NA,NA,NA,NA,NA,NA,NA,NA,NA,NA,NA
"SRR17879807","E527F_E1009R","surface","Sheldrake_River_Tributary","River","water","Canada","T1_DNA_small",NA,NA,NA,NA,NA,NA,NA,NA,NA,NA,NA,NA,NA,NA,NA,NA,"PRJNA803180","SAMN25638985","MIMARKS.survey,MIGS/MIMS/MIMARKS.water","25/08/2019","SRX14039051","Canada","North America","56.638217 N 76.340200 W","T1.DNA.S.18S","freshwater metagenome","SRP358197",NA,NA,NA,NA,NA,NA,NA,NA,NA,NA,NA,NA,NA
"SRR17879808","E527F_E1009R","surface","Sheldrake_River_Tributary","River","water","Canada","T1_DNA_large",NA,NA,NA,NA,NA,NA,NA,NA,NA,NA,NA,NA,NA,NA,NA,NA,"PRJNA803180","SAMN25638984","MIMARKS.survey,MIGS/MIMS/MIMARKS.water","25/08/2019","SRX14039050","Canada","North America","56.638217 N 76.340200 W","T1.DNA.L.18S","freshwater metagenome","SRP358197",NA,NA,NA,NA,NA,NA,NA,NA,NA,NA,NA,NA,NA
"SRR17879809","E527F_E1009R","surface","Sheldrake_River_Tributary","River","water","Canada","R9_RNA_small",NA,NA,NA,NA,NA,NA,NA,NA,NA,NA,NA,NA,NA,NA,NA,NA,"PRJNA803180","SAMN25638983","MIMARKS.survey,MIGS/MIMS/MIMARKS.water","27/08/2019","SRX14039049","Canada","North America","56.629550 N 76.529700 W","R9.RNA.S.18S","freshwater metagenome","SRP358197",NA,NA,NA,NA,NA,NA,NA,NA,NA,NA,NA,NA,NA
"SRR17879810","E527F_E1009R","surface","Sheldrake_River_Tributary","River","water","Canada","R9_RNA_large",NA,NA,NA,NA,NA,NA,NA,NA,NA,NA,NA,NA,NA,NA,NA,NA,"PRJNA803180","SAMN25638982","MIMARKS.survey,MIGS/MIMS/MIMARKS.water","27/08/2019","SRX14039048","Canada","North America","56.629550 N 76.529700 W","R9.RNA.L.18S","freshwater metagenome","SRP358197",NA,NA,NA,NA,NA,NA,NA,NA,NA,NA,NA,NA,NA
"SRR17978930","3NDf_V4eukR2","surface","Xi_Hu_Lake","Ice-Free Peninsula Lake","water","Antarctica","Xi_Hu_18",0.46,NA,NA,7.75,NA,NA,0.5,2.6,NA,0.56,NA,NA,NA,NA,NA,NA,"PRJNA805287","SAMN25851879","Metagenome or environmental","31/12/2018","SRX14134766","uncalculated","uncalculated",NA,"XH_18","lake water metagenome","SRP359325",NA,NA,NA,NA,NA,NA,NA,NA,NA,NA,NA,NA,NA
"SRR17978931","3NDf_V4eukR3","surface","Chang_Hu_Lake","Ice-Free Peninsula Lake","water","Antarctica","Chang_Hu_18",0.27,NA,NA,8.27,NA,NA,0.5,2,NA,0.31,NA,NA,NA,NA,NA,NA,"PRJNA805287","SAMN25851878","Metagenome or environmental","31/12/2018","SRX14134765","uncalculated","uncalculated",NA,"CH_18","lake water metagenome","SRP359325",NA,NA,NA,NA,NA,NA,NA,NA,NA,NA,NA,NA,NA
"SRR17978932","3NDf_V4eukR4","surface","Yue_Ya_Lake","Ice-Free Peninsula Lake","water","Antarctica","Yue_Ya_18",0.74,NA,NA,7.55,NA,NA,0.5,2.1,NA,1.26,NA,NA,NA,NA,NA,NA,"PRJNA805287","SAMN25851877","Metagenome or environmental","20/12/2018","SRX14134764","uncalculated","uncalculated",NA,"YY_18","lake water metagenome","SRP359325",NA,NA,NA,NA,NA,NA,NA,NA,NA,NA,NA,NA,NA
"SRR17978933","3NDf_V4eukR5","surface","Yan_Ou_Lake","Ice-Free Peninsula Lake","water","Antarctica","Yan_Ou_18",0.27,NA,NA,7.87,NA,NA,0.5,3.5,NA,0.89,NA,NA,NA,NA,NA,NA,"PRJNA805287","SAMN25851876","Metagenome or environmental","31/12/2018","SRX14134763","uncalculated","uncalculated",NA,"YO_18","lake water metagenome","SRP359325",NA,NA,NA,NA,NA,NA,NA,NA,NA,NA,NA,NA,NA
"SRR17978934","3NDf_V4eukR6","surface","Kitec_Lake","Ice-Free Peninsula Lake","water","Antarctica","Kitec_18",0.42,NA,NA,7.91,NA,NA,0.5,2.7,NA,0.43,NA,NA,NA,NA,NA,NA,"PRJNA805287","SAMN25851875","Metagenome or environmental","31/12/2018","SRX14134762","uncalculated","uncalculated",NA,"KT_18","lake water metagenome","SRP359325",NA,NA,NA,NA,NA,NA,NA,NA,NA,NA,NA,NA,NA
"SRR17978935","3NDf_V4eukR7","surface","Xi_Hu_Lake","Ice-Free Peninsula Lake","water","Antarctica","Xi_Hu_17",NA,NA,NA,7.91,NA,NA,0.5,1.6,NA,0.33,NA,NA,NA,NA,NA,NA,"PRJNA805287","SAMN25851874","Metagenome or environmental","08/01/2018","SRX14134761","uncalculated","uncalculated",NA,"XH_17","lake water metagenome","SRP359325",NA,NA,NA,NA,NA,NA,NA,NA,NA,NA,NA,NA,NA
"SRR17978936","3NDf_V4eukR8","surface","Chang_Hu_Lake","Ice-Free Peninsula Lake","water","Antarctica","Chang_Hu_17",NA,NA,NA,8.05,NA,NA,0.5,0.9,NA,0.25,NA,NA,NA,NA,NA,NA,"PRJNA805287","SAMN25851873","Metagenome or environmental","09/01/2018","SRX14134760","uncalculated","uncalculated",NA,"CH_17","lake water metagenome","SRP359325",NA,NA,NA,NA,NA,NA,NA,NA,NA,NA,NA,NA,NA
"SRR17978937","3NDf_V4eukR9","surface","Yue_Ya_Lake","Ice-Free Peninsula Lake","water","Antarctica","Yue_Ya_17",NA,NA,NA,8.05,NA,NA,0.5,0.9,NA,2.11,NA,NA,NA,NA,NA,NA,"PRJNA805287","SAMN25851872","Metagenome or environmental","14/01/2018","SRX14134759","uncalculated","uncalculated",NA,"YY_17","lake water metagenome","SRP359325",NA,NA,NA,NA,NA,NA,NA,NA,NA,NA,NA,NA,NA
"SRR17978938","3NDf_V4eukR10","surface","Xi_Hu_Lake","Ice-Free Peninsula Lake","water","Antarctica","Xi_Hu_19",0.23,NA,NA,7.91,NA,NA,0.5,3.69,NA,NA,NA,NA,NA,NA,NA,NA,"PRJNA805287","SAMN25851884","Metagenome or environmental","20/12/2019","SRX14134758","uncalculated","uncalculated",NA,"XH_19","lake water metagenome","SRP359325",NA,NA,NA,NA,NA,NA,NA,NA,NA,NA,NA,NA,NA
"SRR17978939","3NDf_V4eukR11","surface","Chang_Hu_Lake","Ice-Free Peninsula Lake","water","Antarctica","Chang_Hu_19",0.15,NA,NA,7.82,NA,NA,0.5,3.37,NA,NA,NA,NA,NA,NA,NA,NA,"PRJNA805287","SAMN25851883","Metagenome or environmental","22/12/2019","SRX14134757","uncalculated","uncalculated",NA,"CH_19","lake water metagenome","SRP359325",NA,NA,NA,NA,NA,NA,NA,NA,NA,NA,NA,NA,NA
"SRR17978940","3NDf_V4eukR12","surface","Yue_Ya_Lake","Ice-Free Peninsula Lake","water","Antarctica","Yue_Ya_19",0.05,NA,NA,7.65,NA,NA,0.5,2.22,NA,NA,NA,NA,NA,NA,NA,NA,"PRJNA805287","SAMN25851882","Metagenome or environmental","24/12/2019","SRX14134756","uncalculated","uncalculated",NA,"YY_19","lake water metagenome","SRP359325",NA,NA,NA,NA,NA,NA,NA,NA,NA,NA,NA,NA,NA
"SRR17978941","3NDf_V4eukR13","surface","Yan_Ou_Lake","Ice-Free Peninsula Lake","water","Antarctica","Yan_Ou_19",0.18,NA,NA,7.95,NA,NA,0.5,7.14,NA,NA,NA,NA,NA,NA,NA,NA,"PRJNA805287","SAMN25851881","Metagenome or environmental","20/12/2019","SRX14134755","uncalculated","uncalculated",NA,"YO_19","lake water metagenome","SRP359325",NA,NA,NA,NA,NA,NA,NA,NA,NA,NA,NA,NA,NA
"SRR17978942","3NDf_V4eukR14","surface","Kitec_Lake","Ice-Free Peninsula Lake","water","Antarctica","Kitec_19",0.11,NA,NA,7.81,NA,NA,0.5,2.27,NA,NA,NA,NA,NA,NA,NA,NA,"PRJNA805287","SAMN25851880","Metagenome or environmental","22/12/2019","SRX14134754","uncalculated","uncalculated",NA,"KT_19","lake water metagenome","SRP359325",NA,NA,NA,NA,NA,NA,NA,NA,NA,NA,NA,NA,NA
"SRR17978943","3NDf_V4eukR15","surface","Yan_Ou_Lake","Ice-Free Peninsula Lake","water","Antarctica","Yan_Ou_17",NA,NA,NA,7.92,NA,NA,0.5,4.9,NA,0.33,NA,NA,NA,NA,NA,NA,"PRJNA805287","SAMN25851871","Metagenome or environmental","08/01/2018","SRX14134753","uncalculated","uncalculated",NA,"YO_17","lake water metagenome","SRP359325",NA,NA,NA,NA,NA,NA,NA,NA,NA,NA,NA,NA,NA
"SRR17978944","3NDf_V4eukR16","surface","Kitec_Lake","Ice-Free Peninsula Lake","water","Antarctica","Kitec_17",NA,NA,NA,7.89,NA,NA,0.5,2.4,NA,0.4,NA,NA,NA,NA,NA,NA,"PRJNA805287","SAMN25851870","Metagenome or environmental","09/01/2018","SRX14134752","uncalculated","uncalculated",NA,"KT_17","lake water metagenome","SRP359325",NA,NA,NA,NA,NA,NA,NA,NA,NA,NA,NA,NA,NA
"SRR19238715","EUK581F_EUK1134R","anoxic","Kislo-Sladkoe Lake","Coastal lagoon","water","Russia","KS_anoxic_3.5",NA,NA,NA,NA,NA,NA,3.5,NA,NA,NA,NA,NA,NA,NA,NA,NA,"PRJNA838732","SAMN28462068","Metagenome or environmental","06/07/2018","SRX15299515","Russia","Europe","66.5483 N 33.1347 E","68_19","lake water metagenome","SRP375558",NA,NA,NA,NA,NA,NA,NA,NA,NA,NA,NA,NA,NA
"SRR19238716","EUK581F_EUK1134R","deep","Kislo-Sladkoe Lake","Coastal lagoon","water","Russia","KS_chemocline_3.1a",NA,NA,NA,NA,NA,NA,3.1,NA,NA,NA,NA,NA,NA,NA,NA,NA,"PRJNA838732","SAMN28462067","Metagenome or environmental","06/08/2018","SRX15299514","Russia","Europe","66.5483 N 33.1347 E","67_19","lake water metagenome","SRP375558",NA,NA,NA,NA,NA,NA,NA,NA,NA,NA,NA,NA,NA
"SRR19238717","EUK581F_EUK1134R","deep","Kislo-Sladkoe Lake","Coastal lagoon","water","Russia","KS_chemocline_3.1b",NA,NA,NA,NA,NA,NA,3.1,NA,NA,NA,NA,NA,NA,NA,NA,NA,"PRJNA838732","SAMN28462066","Metagenome or environmental","06/09/2018","SRX15299513","Russia","Europe","66.5483 N 33.1347 E","66_19","lake water metagenome","SRP375558",NA,NA,NA,NA,NA,NA,NA,NA,NA,NA,NA,NA,NA
"SRR19238718","EUK581F_EUK1134R","anoxic","Kislo-Sladkoe Lake","Coastal lagoon","water","Russia","KS_anoxic_4a",NA,NA,NA,NA,NA,NA,4,NA,NA,NA,NA,NA,NA,NA,NA,NA,"PRJNA838732","SAMN28462065","Metagenome or environmental","06/10/2018","SRX15299512","Russia","Europe","66.5483 N 33.1347 E","65_19","lake water metagenome","SRP375558",NA,NA,NA,NA,NA,NA,NA,NA,NA,NA,NA,NA,NA
"SRR19238719","EUK581F_EUK1134R","anoxic","Kislo-Sladkoe Lake","Coastal lagoon","water","Russia","KS_anoxic_4b",NA,NA,NA,NA,NA,NA,4,NA,NA,NA,NA,NA,NA,NA,NA,NA,"PRJNA838732","SAMN28462064","Metagenome or environmental","06/11/2018","SRX15299511","Russia","Europe","66.5483 N 33.1347 E","64_19","lake water metagenome","SRP375558",NA,NA,NA,NA,NA,NA,NA,NA,NA,NA,NA,NA,NA
"SRR19238720","EUK581F_EUK1134R","shallow","Kislo-Sladkoe Lake","Coastal lagoon","water","Russia","KS_upper_0.5a",NA,NA,NA,NA,NA,NA,0.5,NA,NA,NA,NA,NA,NA,NA,NA,NA,"PRJNA838732","SAMN28462063","Metagenome or environmental","06/12/2018","SRX15299510","Russia","Europe","66.5483 N 33.1347 E","63_19","lake water metagenome","SRP375558",NA,NA,NA,NA,NA,NA,NA,NA,NA,NA,NA,NA,NA
"SRR19238721","EUK581F_EUK1134R","shallow","Kislo-Sladkoe Lake","Coastal lagoon","water","Russia","KS_upper_0.5b",NA,NA,NA,NA,NA,NA,0.5,NA,NA,NA,NA,NA,NA,NA,NA,NA,"PRJNA838732","SAMN28462062","Metagenome or environmental","06/13/2018","SRX15299509","Russia","Europe","66.5483 N 33.1347 E","62_19","lake water metagenome","SRP375558",NA,NA,NA,NA,NA,NA,NA,NA,NA,NA,NA,NA,NA
"SRR19238722","EUK581F_EUK1134R","surface","Kislo-Sladkoe Lake","Coastal lagoon","water","Russia","KS_surface",NA,NA,NA,NA,NA,NA,0,NA,NA,NA,NA,NA,NA,NA,NA,NA,"PRJNA838732","SAMN28462061","Metagenome or environmental","06/14/2018","SRX15299508","Russia","Europe","66.5483 N 33.1347 E","61_19","lake water metagenome","SRP375558",NA,NA,NA,NA,NA,NA,NA,NA,NA,NA,NA,NA,NA
"SRR19238723","EUK581F_EUK1134R","surface","White Sea","Coastal lagoon","water","Russia","WS_surface",NA,NA,NA,NA,NA,NA,NA,NA,NA,NA,NA,NA,NA,NA,NA,NA,"PRJNA838732","SAMN28462077","Metagenome or environmental","06/15/2018","SRX15299507","Russia","Europe","66.5503 N 33.1343 E","77_19","lake water metagenome","SRP375558",NA,NA,NA,NA,NA,NA,NA,NA,NA,NA,NA,NA,NA
"SRR19238724","EUK581F_EUK1134R","shallow","Kislo-Sladkoe Lake","Coastal lagoon","water","Russia","KS_upper_1a",NA,NA,NA,NA,NA,NA,1,NA,NA,NA,NA,NA,NA,NA,NA,NA,"PRJNA838732","SAMN28462076","Metagenome or environmental","06/16/2018","SRX15299506","Russia","Europe","66.5483 N 33.1347 E","76_19","lake water metagenome","SRP375558",NA,NA,NA,NA,NA,NA,NA,NA,NA,NA,NA,NA,NA
"SRR19238725","EUK581F_EUK1134R","shallow","Kislo-Sladkoe Lake","Coastal lagoon","water","Russia","KS_upper_1b",NA,NA,NA,NA,NA,NA,1,NA,NA,NA,NA,NA,NA,NA,NA,NA,"PRJNA838732","SAMN28462075","Metagenome or environmental","06/17/2018","SRX15299505","Russia","Europe","66.5483 N 33.1347 E","75_19","lake water metagenome","SRP375558",NA,NA,NA,NA,NA,NA,NA,NA,NA,NA,NA,NA,NA
"SRR19238726","EUK581F_EUK1134R","mid","Kislo-Sladkoe Lake","Coastal lagoon","water","Russia","KS_mid_1.5a",NA,NA,NA,NA,NA,NA,1.5,NA,NA,NA,NA,NA,NA,NA,NA,NA,"PRJNA838732","SAMN28462074","Metagenome or environmental","06/18/2018","SRX15299504","Russia","Europe","66.5483 N 33.1347 E","74_19","lake water metagenome","SRP375558",NA,NA,NA,NA,NA,NA,NA,NA,NA,NA,NA,NA,NA
"SRR19238727","EUK581F_EUK1134R","mid","Kislo-Sladkoe Lake","Coastal lagoon","water","Russia","KS_mid_1.5b",NA,NA,NA,NA,NA,NA,1.5,NA,NA,NA,NA,NA,NA,NA,NA,NA,"PRJNA838732","SAMN28462073","Metagenome or environmental","06/19/2018","SRX15299503","Russia","Europe","66.5483 N 33.1347 E","73_19","lake water metagenome","SRP375558",NA,NA,NA,NA,NA,NA,NA,NA,NA,NA,NA,NA,NA
"SRR19238728","EUK581F_EUK1134R","deep","Kislo-Sladkoe Lake","Coastal lagoon","water","Russia","KS_chemocline_2.5a",NA,NA,NA,NA,NA,NA,2.5,NA,NA,NA,NA,NA,NA,NA,NA,NA,"PRJNA838732","SAMN28462072","Metagenome or environmental","06/20/2018","SRX15299502","Russia","Europe","66.5483 N 33.1347 E","72_19","lake water metagenome","SRP375558",NA,NA,NA,NA,NA,NA,NA,NA,NA,NA,NA,NA,NA
"SRR19238729","EUK581F_EUK1134R","deep","Kislo-Sladkoe Lake","Coastal lagoon","water","Russia","KS_chemocline_2.5b",NA,NA,NA,NA,NA,NA,2.5,NA,NA,NA,NA,NA,NA,NA,NA,NA,"PRJNA838732","SAMN28462071","Metagenome or environmental","06/21/2018","SRX15299501","Russia","Europe","66.5483 N 33.1347 E","71_19","lake water metagenome","SRP375558",NA,NA,NA,NA,NA,NA,NA,NA,NA,NA,NA,NA,NA
"SRR19238730","EUK581F_EUK1134R","mid","Kislo-Sladkoe Lake","Coastal lagoon","water","Russia","KS_mid_2a",NA,NA,NA,NA,NA,NA,2,NA,NA,NA,NA,NA,NA,NA,NA,NA,"PRJNA838732","SAMN28462070","Metagenome or environmental","06/22/2018","SRX15299500","Russia","Europe","66.5483 N 33.1347 E","70_19","lake water metagenome","SRP375558",NA,NA,NA,NA,NA,NA,NA,NA,NA,NA,NA,NA,NA
"SRR19238731","EUK581F_EUK1134R","mid","Kislo-Sladkoe Lake","Coastal lagoon","water","Russia","KS_mid_2b",NA,NA,NA,NA,NA,NA,2,NA,NA,NA,NA,NA,NA,NA,NA,NA,"PRJNA838732","SAMN28462069","Metagenome or environmental","06/23/2018","SRX15299499","Russia","Europe","66.5483 N 33.1347 E","69_19","lake water metagenome","SRP375558",NA,NA,NA,NA,NA,NA,NA,NA,NA,NA,NA,NA,NA
"SRR19238732","EUK581F_EUK1134R","deep","Kislo-Sladkoe Lake","Coastal lagoon","water","Russia","KS_chemocline_3a",NA,NA,NA,NA,NA,NA,3,NA,NA,NA,NA,NA,NA,NA,NA,NA,"PRJNA838732","SAMN28462060","Metagenome or environmental","06/24/2018","SRX15299498","Russia","Europe","66.5483 N 33.1347 E","60_19","lake water metagenome","SRP375558",NA,NA,NA,NA,NA,NA,NA,NA,NA,NA,NA,NA,NA
"SRR19238733","EUK581F_EUK1134R","deep","Kislo-Sladkoe Lake","Coastal lagoon","water","Russia","KS_chemocline_3b",NA,NA,NA,NA,NA,NA,3,NA,NA,NA,NA,NA,NA,NA,NA,NA,"PRJNA838732","SAMN28462059","Metagenome or environmental","06/25/2018","SRX15299497","Russia","Europe","66.5483 N 33.1347 E","59_19","lake water metagenome","SRP375558",NA,NA,NA,NA,NA,NA,NA,NA,NA,NA,NA,NA,NA
