OTUID,Domain,Supergroup,Division,Subdivision,Class,Order,Family,Genus,Species,Confidence
310e0bc3e13439e3dfc3a86800ca490c,Eukaryota,,,,,,,,,0.998387492
2302d676691a4256dfd7837a6f1fd451,Eukaryota,,,,,,,,,0.998444722
b3a7352dbaff4dade3a1b297dc283eff,Eukaryota,TSAR,Alveolata,,,,,,,0.891269271
d7b968658bef0bc3a83859d2b5dda893,Eukaryota,TSAR,Alveolata,,,,,,,0.888616002
b08aeef29b60933969499744aa0400eb,Eukaryota,TSAR,Alveolata,,,,,,,0.896029709
c316fc04d2454eee9cd315bf6ee17499,Eukaryota,,,,,,,,,0.998388053
ed86a0259fdf087a2c06dee06ec21d51,Eukaryota,Amoebozoa,Tubulinea,Tubulinea_X,Elardia,Euamoebida,Vermamoebidae,Hartmannella,Hartmannella_abertawensis,0.999998973
375af4211400873b3bc651003841651c,Eukaryota,,,,,,,,,0.99042342
16be3361b52891758bd2c234a3dbd495,Eukaryota,,,,,,,,,0.990561333
fcd9f27e8b1e4026396b67fa7b8032ce,Eukaryota,TSAR,Stramenopiles,Gyrista,Peronosporomycetes,Peronosporomycetes_X,Peronosporales,Pythium,,0.94902365
a3cea46c64133ab0bd936139b195848c,Eukaryota,TSAR,Stramenopiles,Bigyra,,,,,,0.900121289
aa3579c295d0e1774ee096d7fd49d99a,Eukaryota,TSAR,Stramenopiles,Bigyra,,,,,,0.89790573
5c5f70a81569c70ef2dc53f95f8b1843,Eukaryota,TSAR,Stramenopiles,Bigyra,,,,,,0.897493127
f5eef171eb14cf66176ed3357ac6aa0e,Eukaryota,TSAR,Stramenopiles,Bigyra,,,,,,0.88658403
be375ef35df1989fc0add162fd36d364,Eukaryota,TSAR,Stramenopiles,Bigyra,Sagenista,Labyrinthulomycetes,Labyrinthulaceae,Labyrinthulaceae_ANT10_3,Labyrinthulaceae_ANT10_3_sp.,0.809657104
b16095a6b2a9f747585685655ddc329d,Eukaryota,TSAR,Stramenopiles,Bigyra,Sagenista,Labyrinthulomycetes,Labyrinthulaceae,Labyrinthulaceae_ANT10_3,Labyrinthulaceae_ANT10_3_sp.,0.816468795
e9594a219e86979bf780e2da2763f048,Eukaryota,TSAR,Stramenopiles,Bigyra,Sagenista,Labyrinthulomycetes,Labyrinthulaceae,Labyrinthulaceae_ANT10_3,Labyrinthulaceae_ANT10_3_sp.,0.802146523
b66151eac8ba1483d74fc227fc91505e,Eukaryota,TSAR,Stramenopiles,Bigyra,Sagenista,Labyrinthulomycetes,Labyrinthulaceae,Labyrinthulaceae_ANT10_3,Labyrinthulaceae_ANT10_3_sp.,0.822313679
c1be2ac5a0dde74596ac0b7e55e811b4,Eukaryota,TSAR,Stramenopiles,Bigyra,Sagenista,Labyrinthulomycetes,Labyrinthulaceae,Labyrinthulaceae_ANT10_3,Labyrinthulaceae_ANT10_3_sp.,0.809219803
4071d27be80240179975e33c161ff8cb,Eukaryota,TSAR,Stramenopiles,Gyrista,Pirsoniales,Pirsoniales_X,Pirsoniales_XX,Pirsonia,Pirsonia_guinardiae,0.984064074
27ae65ace6f0f9a6baa2122fbca6a112,Eukaryota,TSAR,Stramenopiles,Gyrista,Pirsoniales,Pirsoniales_X,Pirsoniales_XX,Pirsonia,Pirsonia_guinardiae,0.98933544
f0f372b3a299151fe1df9ea295829139,Eukaryota,TSAR,Stramenopiles,Gyrista,Pirsoniales,Pirsoniales_X,Pirsoniales_XX,Pirsonia,Pirsonia_guinardiae,0.990062661
5ee7e155918e08a93e05a0f07e779cd1,Eukaryota,TSAR,Stramenopiles,Gyrista,Pirsoniales,Pirsoniales_X,Pirsoniales_XX,Pirsonia,Pirsonia_guinardiae,0.989855384
31561534503ba741e21dc9e15f791112,Eukaryota,TSAR,Stramenopiles,Gyrista,Pirsoniales,Pirsoniales_X,Pirsoniales_XX,Pirsonia,Pirsonia_guinardiae,0.992297848
751ecd67036b2c63c501982ea4af6a3e,Eukaryota,TSAR,Stramenopiles,Gyrista,Pirsoniales,Pirsoniales_X,Pirsoniales_XX,Pirsonia,Pirsonia_guinardiae,0.991988565
9534ede852a080f302660593b36a6dcc,Eukaryota,TSAR,Stramenopiles,Gyrista,Pirsoniales,Pirsoniales_X,Pirsoniales_XX,Pirsonia,Pirsonia_guinardiae,0.99046307
a08f8d50f4c4d03b8a0cd77a7fd986f8,Eukaryota,TSAR,Stramenopiles,Bigyra,Sagenista,Labyrinthulomycetes,Amphifilaceae,Fibrophrys,Fibrophrys_sp.,0.983296964
39aa5ef5ae318dd65633a1b95f6b879f,Eukaryota,TSAR,Stramenopiles,Bigyra,Sagenista,Labyrinthulomycetes,Amphifilaceae,Fibrophrys,Fibrophrys_sp.,0.981491724
72cd3f49649d25733f47c46ae318937d,Eukaryota,TSAR,Stramenopiles,Bigyra,Sagenista,Labyrinthulomycetes,Amphifilaceae,Fibrophrys,Fibrophrys_sp.,0.888776929
4b899f5fac1e57090ef756e3e4c62ab3,Eukaryota,,,,,,,,,0.998997102
f15366642585b31b49e23c93bfd28bd6,Eukaryota,Obazoa,Opisthokonta,Fungi,Ascomycota,Pezizomycotina,Eurotiomycetes,Penicillium,,0.912520167
5bff10102806996a0e664645efa0b143,Eukaryota,Obazoa,Opisthokonta,Fungi,Ascomycota,Pezizomycotina,Eurotiomycetes,Penicillium,,0.912124855
0b974dc33ab3000dd586f7fa825bd2b0,Eukaryota,Obazoa,Opisthokonta,Fungi,Ascomycota,Pezizomycotina,Eurotiomycetes,Penicillium,,0.912518642
860205f2309941a90bcf0879e16bf552,Eukaryota,Obazoa,Opisthokonta,Fungi,Ascomycota,Pezizomycotina,Eurotiomycetes,Penicillium,,0.912521982
c1ddd687fd511d2f900d0a0db0e0a937,Eukaryota,Obazoa,Opisthokonta,Fungi,Ascomycota,Pezizomycotina,Dothideomycetes,,,0.809509645
35a64f845e6542060860e7d518d9ac2a,Eukaryota,,,,,,,,,0.998689104
ff8381422be16c83b8835e4de73e1697,Eukaryota,Obazoa,Opisthokonta,,,,,,,0.897230767
522a630d46773cc914d4f9e4d2be8b5c,Eukaryota,,,,,,,,,0.998727757
018a0d47f188d2d52f5bf64144623d7d,Eukaryota,,,,,,,,,0.998612219
03ea2b6f19cfd673bbc196a294d3ba59,Eukaryota,Obazoa,Opisthokonta,Fungi,Chytridiomycota,,,,,0.750630741
7d4a21f69bcca2077fda9988f5f0c335,Eukaryota,Obazoa,Opisthokonta,Fungi,Chytridiomycota,,,,,0.736026241
85e4afa42159b300ba52b8946ef3bf67,Eukaryota,Obazoa,Opisthokonta,Fungi,Chytridiomycota,,,,,0.74551348
602c17f7a077462082fae8877b20637c,Eukaryota,TSAR,Rhizaria,Cercozoa,Filosa-Thecofilosea,Filosa-Thecofilosea_X,Mataza-lineage,Mataza-lineage_X,Mataza-lineage_X_sp.,0.999565079
0e4e66507e790cd729f84ef656ca0a25,Eukaryota,TSAR,Rhizaria,Cercozoa,Filosa-Thecofilosea,Filosa-Thecofilosea_X,Mataza-lineage,Mataza-lineage_X,Mataza-lineage_X_sp.,0.999567656
0e9435928c75d5eae269e8c7ea046fef,Eukaryota,TSAR,Rhizaria,Cercozoa,Filosa-Thecofilosea,Filosa-Thecofilosea_X,Mataza-lineage,Mataza-lineage_X,Mataza-lineage_X_sp.,0.999575441
781da64864fe2226081162a368c9c203,Eukaryota,,,,,,,,,0.999240768
03c5b5d8fdda38889d7094532fd934e7,Eukaryota,,,,,,,,,0.999219875
3be1ff72a1a721978215c79355520a83,Eukaryota,Obazoa,Opisthokonta,Fungi,Basidiomycota,Pucciniomycotina,Microbotryomycetes,Glaciozyma,Glaciozyma_antarctica,0.721322799
8c69a57be781fb608250eb6b1393a95c,Eukaryota,Obazoa,Opisthokonta,,,,,,,0.99722888
5afbf4b93d909f57a9f94ff472ccb3ce,Eukaryota,Obazoa,Opisthokonta,,,,,,,0.997338599
0116c0204a888743f69e63ab78c44192,Eukaryota,Obazoa,Opisthokonta,,,,,,,0.996470946
be74adae995e42458ccf5add6ac1fe9d,Eukaryota,Obazoa,Opisthokonta,,,,,,,0.992356643
b8b8c69b7fc6111001e7479e8d6a38e5,Eukaryota,Obazoa,Opisthokonta,Metazoa,,,,,,0.886796267
93d12ba3ce70268b16117d6bd990e1cc,Eukaryota,Obazoa,Opisthokonta,Metazoa,,,,,,0.904559655
0a39316413fb89c98a0c5e85d0a3b2fb,Eukaryota,Obazoa,Opisthokonta,Metazoa,,,,,,0.885163058
deb1c03a29fb61f7555ff55410f5e47b,Eukaryota,Obazoa,Opisthokonta,Metazoa,,,,,,0.886171955
3ad4867fb872e1a551c9ac2fe6ccf68f,Eukaryota,Obazoa,Opisthokonta,Metazoa,,,,,,0.884544932
04054cf973b08d86e768eac13b4e8091,Eukaryota,Obazoa,Opisthokonta,Metazoa,,,,,,0.887961266
d614112be4cf43011f25a7e963a137d8,Eukaryota,Obazoa,Opisthokonta,Metazoa,,,,,,0.906935786
ff60970b8a7d8d7cec405625c82e3a70,Eukaryota,Obazoa,Opisthokonta,Metazoa,,,,,,0.886771245
baad6ae117754522126252db57c7fa19,Eukaryota,Obazoa,Opisthokonta,Metazoa,,,,,,0.889071388
61c7ff61eed4f151cc28dbb43a0cb71c,Eukaryota,TSAR,Stramenopiles,,,,,,,0.70710318
d130335ca00018915d6579a62cc8636c,Eukaryota,TSAR,Stramenopiles,Bigyra,Opalozoa,Opalozoa_X,MAST-12,MAST-12C,MAST-12C_sp.,0.733689865
e8b6f507045ae37b6dd3f116142dbf36,Eukaryota,,,,,,,,,0.995104446
2ecc16bb26629a69672eacb5ac9faf85,Eukaryota,TSAR,Stramenopiles,Bigyra,,,,,,0.701842236
58f3ae785f7ab21b0ac44042f59d5e1d,Eukaryota,TSAR,Stramenopiles,Bigyra,Opalozoa,Opalozoa_X,MAST-12,MAST-12C,MAST-12C_sp.,0.74920862
d67be27299a4813af498e3aabfec1a38,Eukaryota,TSAR,Stramenopiles,,,,,,,0.717519045
cea353bb5943b38c8d30a1fabedc49ae,Eukaryota,Obazoa,Opisthokonta,Metazoa,,,,,,0.758563196
e64747e470dcec11af473634eed92fcf,Eukaryota,Obazoa,Opisthokonta,Metazoa,,,,,,0.716651077
d1b97e40c5f5392bd49aa2457803c3ec,Eukaryota,Amoebozoa,Evosea,Evosea_X,Variosea,Variosea_X,Mariager-Fjord-lineage,Mariager-Fjord-lineage_X,Mariager-Fjord-lineage_X_sp.,0.987467179
ac6cbf041451ba08f69d56d66d9f79f8,Eukaryota,Archaeplastida,Chlorophyta,Chlorophyta_X,Ulvophyceae,Ulotrichales,Ulotrichales_X,Chlorothrix,Chlorothrix_sp.,0.890179293
626b930738f9c881ab1c3d48ba81e51a,Eukaryota,Archaeplastida,Chlorophyta,Chlorophyta_X,Mamiellophyceae,Monomastigales,Monomastigaceae,,,0.985459667
3ce4adbfa846a520d5ed49a2335d1490,Eukaryota,Archaeplastida,Chlorophyta,Chlorophyta_X,Mamiellophyceae,Monomastigales,Monomastigaceae,,,0.991003147
32fbc78ab023b196537c772c6ac5a901,Eukaryota,Archaeplastida,Chlorophyta,Chlorophyta_X,Mamiellophyceae,Monomastigales,Monomastigaceae,,,0.992014534
bec9c2662e9cdafb89beb69bbcd0a361,Eukaryota,Archaeplastida,Chlorophyta,Chlorophyta_X,Mamiellophyceae,Monomastigales,Monomastigaceae,,,0.990987066
00973a4d1f83b3d3b33d8ae7133576db,Eukaryota,Archaeplastida,Chlorophyta,Chlorophyta_X,Mamiellophyceae,Monomastigales,Monomastigaceae,,,0.990011365
5e883a372c71aa1ee13b3c5a8a561461,Eukaryota,Archaeplastida,Chlorophyta,Chlorophyta_X,Mamiellophyceae,Monomastigales,Monomastigaceae,,,0.989000637
1e3dabde4f23bef74528d8fdf9d1c4a0,Eukaryota,Archaeplastida,,,,,,,,0.955750433
3cc31db9b0156f350dea4688dbaf612d,Eukaryota,Obazoa,Opisthokonta,,,,,,,0.997150223
3fe8e7e4c443ac69092256eb6ea00aae,Eukaryota,,,,,,,,,0.995972099
3631cd436c0ea83ca308d95a9f4a5206,Eukaryota,,,,,,,,,0.995994138
bdaf3be35047df08be26d094ccf94097,Eukaryota,TSAR,Stramenopiles,Gyrista,Dictyochophyceae,Dictyochophyceae_X,Pedinellales,Pseudopedinella,Pseudopedinella_elastica,0.971282254
cfe06add01c657d0ddee43b25b839575,Eukaryota,TSAR,Stramenopiles,Gyrista,Dictyochophyceae,Dictyochophyceae_X,Pedinellales,Pseudopedinella,Pseudopedinella_elastica,0.909996201
16cde87827136bd62111564ef0b506f2,Eukaryota,TSAR,Stramenopiles,Bigyra,Sagenista,Labyrinthulomycetes,Thraustochytriaceae,,,0.712302491
c7becc7f1af26ab1f74d6fef6aab56f8,Eukaryota,TSAR,Stramenopiles,Bigyra,,,,,,0.700709099
9d773ef47f82504e9cc8c11a1e509ce3,Eukaryota,TSAR,Stramenopiles,,,,,,,0.880351
844a15c1010a29adbdc793c19ce5f9f3,Eukaryota,TSAR,Stramenopiles,Bigyra,Sagenista,Labyrinthulomycetes,,,,0.700015494
6eb7e8dd4bdfe43bb0ffb14eacbfdf74,Eukaryota,TSAR,Stramenopiles,Bigyra,Sagenista,Labyrinthulomycetes,Thraustochytriaceae,,,0.712916858
7b141c47dd06d5b2bca0ca6b862e6e34,Eukaryota,TSAR,Stramenopiles,Bigyra,Sagenista,Labyrinthulomycetes,Thraustochytriaceae,,,0.722693074
dde925f31a963682e5341faa2014cc5f,Eukaryota,TSAR,Stramenopiles,Gyrista,Chrysophyceae,Ochromonadales,Ochromonadaceae,Poteriospumella,,0.902454631
b201045ca73cd4b87ddb6fbdf8788900,Eukaryota,TSAR,Stramenopiles,Gyrista,Chrysophyceae,Ochromonadales,Ochromonadaceae,Poteriospumella,,0.871750881
fdccfba32ce2388e63d77b61fc69f75b,Eukaryota,TSAR,Stramenopiles,Gyrista,Chrysophyceae,Ochromonadales,Ochromonadaceae,Poteriospumella,,0.872785064
da717f540e8c25ac816fc5c5f5d45183,Eukaryota,TSAR,Stramenopiles,Gyrista,Chrysophyceae,Ochromonadales,Ochromonadaceae,Poteriospumella,,0.89860358
013d8520cf19ae1374078b3fc046cd95,Eukaryota,TSAR,Stramenopiles,Gyrista,Chrysophyceae,Ochromonadales,Ochromonadaceae,Poteriospumella,,0.871038968
3b76ec19f5f211e60e07204ab108f6f7,Eukaryota,TSAR,Stramenopiles,Gyrista,Chrysophyceae,Ochromonadales,Ochromonadaceae,Poteriospumella,,0.869097307
d152ff0ebef0cb48507725bb5821b21b,Eukaryota,TSAR,Stramenopiles,Gyrista,Chrysophyceae,Ochromonadales,Ochromonadaceae,Poteriospumella,,0.9023961
54ae1f313169f75dad603809e403050f,Eukaryota,TSAR,Stramenopiles,Gyrista,Chrysophyceae,,,,,0.950195373
d7a6dd72d1c322245074a958354d8373,Eukaryota,TSAR,Stramenopiles,Gyrista,Bacillariophyceae,,,,,0.988416603
dad4560de59f4a2f57d47dce6613cdd3,Eukaryota,TSAR,Stramenopiles,Gyrista,Bacillariophyceae,,,,,0.987333291
61eeed4804b6dc03fb505be1a6b956c7,Eukaryota,TSAR,Stramenopiles,Gyrista,Bacillariophyceae,,,,,0.988026033
6bc6590530131ed7c49656c1bbdeb285,Eukaryota,TSAR,Stramenopiles,Gyrista,Bacillariophyceae,,,,,0.98916932
4a5e778bb8cff41ba98fccd80426d521,Eukaryota,TSAR,Stramenopiles,Gyrista,,,,,,0.99994066
a08d407db6435b28253c149e885dd5c7,Eukaryota,TSAR,Stramenopiles,Gyrista,,,,,,0.999942934
dd2b966edd1555ccae4295f41550349b,Eukaryota,TSAR,Stramenopiles,Gyrista,,,,,,0.999944278
15a32b55e484fadafe987c1b8f825305,Eukaryota,TSAR,Stramenopiles,Gyrista,Chrysophyceae,Paraphysomonadales,Paraphysomonadaceae,Paraphysomonas,Paraphysomonas_foraminifera,0.999783246
73bfa03a1579e836f68e7646c508aa88,Eukaryota,TSAR,Stramenopiles,Gyrista,Chrysophyceae,Paraphysomonadales,Paraphysomonadaceae,Paraphysomonas,Paraphysomonas_foraminifera,0.999782781
3ab62c9b5c162d0c3fdb348993612fd8,Eukaryota,TSAR,Stramenopiles,Gyrista,Chrysophyceae,Paraphysomonadales,Paraphysomonadaceae,Paraphysomonas,Paraphysomonas_foraminifera,0.999774622
db846e9efbfc483a7167cb48ab9e8d1d,Eukaryota,TSAR,Stramenopiles,Gyrista,Chrysophyceae,Paraphysomonadales,Paraphysomonadaceae,Paraphysomonas,Paraphysomonas_foraminifera,0.999755057
a1088f17759787bb49341f893bd4e0dd,Eukaryota,TSAR,Stramenopiles,Bigyra,Sagenista,Labyrinthulomycetes,Amphifilaceae,Fibrophrys,Fibrophrys_sp.,0.983117003
505e7fec052d13c3d6b22e52adb32a24,Eukaryota,TSAR,Stramenopiles,Bigyra,Sagenista,Labyrinthulomycetes,Amphifilaceae,Fibrophrys,Fibrophrys_sp.,0.982614566
d4bd8a20678831f6700daf565cc4610e,Eukaryota,TSAR,Stramenopiles,Bigyra,Sagenista,Labyrinthulomycetes,Amphifilaceae,Fibrophrys,Fibrophrys_sp.,0.980425906
9661d5ddbec726fb4becf818ea9ec9ec,Eukaryota,TSAR,Stramenopiles,Bigyra,Sagenista,Labyrinthulomycetes,Amphifilaceae,Fibrophrys,Fibrophrys_sp.,0.986969574
4b44ac04d87b6467f01b6413a7f6f383,Eukaryota,TSAR,Stramenopiles,Bigyra,Sagenista,Labyrinthulomycetes,Amphifilaceae,Fibrophrys,Fibrophrys_sp.,0.9417998
4971bacb37d587d7e4bf454066d0a5b3,Eukaryota,TSAR,,,,,,,,0.763735498
1da4042889aeac9e976c58a730158a83,Eukaryota,TSAR,,,,,,,,0.742703663
ac06ce3e4b0fd318b314a7ce0365baa9,Eukaryota,TSAR,Stramenopiles,,,,,,,0.807453694
39ea08a8cfc7acb3f1942c1f7cc90b08,Eukaryota,TSAR,Stramenopiles,,,,,,,0.848086373
afb40d1900eafb7738624195351463ee,Eukaryota,TSAR,Stramenopiles,,,,,,,0.827611
bdac7423842aebca15f07a7e56281c37,Eukaryota,TSAR,Stramenopiles,,,,,,,0.811987221
7dccbf4886bffc852623959d25c72b39,Eukaryota,TSAR,,,,,,,,0.75910152
6f4f1ff4b8c9330d5b15df0dabdd2961,Eukaryota,,,,,,,,,0.999004025
be2eb7e2b2fb64e5b076a525996dd033,Eukaryota,,,,,,,,,0.999017434
0d05237bb82e6d4bf6e57fe8cca2379f,Eukaryota,,,,,,,,,0.99923935
6bc4fdc6e18bfb1c20657782b1bf4e2d,Eukaryota,,,,,,,,,0.99892362
8422ffbc1c20e47ce02c086e6b396292,Eukaryota,,,,,,,,,0.999011466
89b210b39b75ef4973c22848d4a91389,Eukaryota,,,,,,,,,0.998914939
40faafb103df87377043704e2f8565b3,Eukaryota,,,,,,,,,0.999350269
008d4d0135d80d90980c6458dde2a31f,Eukaryota,Obazoa,Opisthokonta,Choanoflagellata,Choanoflagellatea,Craspedida,Monosigidae_Group_A,Choanoeca,Choanoeca_perplexa,0.988676457
18ed425034393e743a421e38123f4ed7,Eukaryota,Obazoa,Opisthokonta,Choanoflagellata,Choanoflagellatea,Craspedida,Monosigidae_Group_A,Choanoeca,Choanoeca_perplexa,0.988647437
946eef7211d15aef62142417e2c1c5bc,Eukaryota,Obazoa,Opisthokonta,Choanoflagellata,Choanoflagellatea,Craspedida,Monosigidae_Group_A,Choanoeca,Choanoeca_perplexa,0.978509418
da42dee9ecff34a2df003b969d64ca0b,Eukaryota,Obazoa,Opisthokonta,Choanoflagellata,Choanoflagellatea,Craspedida,Monosigidae_Group_A,Choanoeca,Choanoeca_perplexa,0.984912639
5e7852912066484a6c3981ad9016ced6,Eukaryota,Obazoa,Opisthokonta,Choanoflagellata,Choanoflagellatea,Craspedida,Monosigidae_Group_A,Choanoeca,Choanoeca_perplexa,0.981388451
eef475dc08aa694b530fa3d43f584554,Eukaryota,TSAR,Rhizaria,Cercozoa,Filosa-Imbricatea,Euglyphida,,,,0.777364826
037842ca6bc6c5b6dcb006456ef3d9a7,Eukaryota,TSAR,Rhizaria,Cercozoa,Filosa-Imbricatea,Euglyphida,,,,0.772133933
e9ae33c0f8e99ec70b72147dc3c3ce23,Eukaryota,TSAR,Rhizaria,Cercozoa,Filosa-Imbricatea,Euglyphida,,,,0.828002257
1d19652becf0f0eda1b01e5fcd110788,Eukaryota,TSAR,Rhizaria,Cercozoa,Filosa-Imbricatea,Euglyphida,,,,0.749476004
986afcacbaf6c239937ee7f24f5025d2,Eukaryota,TSAR,Rhizaria,Cercozoa,Filosa-Imbricatea,Euglyphida,,,,0.777256683
1911779cd791d4001834deb4474b1994,Eukaryota,,,,,,,,,0.984584414
69ead2a8b23a3fa1410f08e1448abf87,Eukaryota,,,,,,,,,0.984541578
6343360e8aeb24335c100e0f6b45cc3b,Eukaryota,Archaeplastida,Streptophyta,Streptophyta_X,Embryophyceae,Embryophyceae_X,Embryophyceae_XX,,,0.883715569
f0e9bf16619284965e2ab02e1f82acb4,Eukaryota,TSAR,Alveolata,Dinoflagellata,Dinophyceae,,,,,0.975137018
1a65579863f307a037dcd50a61ae7cf9,Eukaryota,Archaeplastida,Chlorophyta,Chlorophyta_X,Chlorophyceae,Chlamydomonadales,Chlamydomonadales_X,,,0.734315212
33e101f62d8de501d5cbcdf5c3746258,Eukaryota,Archaeplastida,Chlorophyta,Chlorophyta_X,Chlorophyceae,Chlamydomonadales,Chlamydomonadales_X,,,0.74308461
1078ffe5a6d232ac5eedfed77473cc62,Eukaryota,Archaeplastida,Chlorophyta,Chlorophyta_X,Chlorophyceae,Chlamydomonadales,Chlamydomonadales_X,,,0.733711238
80fd40e9d3ccb3927934c35b2614d305,Eukaryota,Archaeplastida,Chlorophyta,Chlorophyta_X,Chlorophyceae,Chlamydomonadales,Chlamydomonadales_X,,,0.740919194
cc49f4322429732a4eda4b270e456724,Eukaryota,Archaeplastida,Chlorophyta,Chlorophyta_X,Chlorophyceae,Chlamydomonadales,Chlamydomonadales_X,,,0.732584654
d5b924da5408472322ec79b123e5fa3d,Eukaryota,Archaeplastida,Chlorophyta,Chlorophyta_X,Chlorophyceae,Chlamydomonadales,Chlamydomonadales_X,,,0.756007952
5d51ebfb4e8ff0ab5875b0f743fe5430,Eukaryota,Archaeplastida,Chlorophyta,Chlorophyta_X,Chlorophyceae,Chlamydomonadales,Chlamydomonadales_X,,,0.719264186
70fc02aee0a7c361e9a4804217d36481,Eukaryota,Archaeplastida,Chlorophyta,Chlorophyta_X,Chlorophyceae,Chlamydomonadales,Chlamydomonadales_X,,,0.735042203
7737e1de23cac624d58d333473a44bfc,Eukaryota,Archaeplastida,Chlorophyta,Chlorophyta_X,Chlorophyceae,Chlamydomonadales,Chlamydomonadales_X,,,0.741221019
e5f79dd16f349c9bc463caccb33487e3,Eukaryota,Archaeplastida,Chlorophyta,Chlorophyta_X,Chlorophyceae,Chlamydomonadales,Chlamydomonadales_X,,,0.743411353
62865e5cab62e606495e3075ed7b883f,Eukaryota,Archaeplastida,Chlorophyta,Chlorophyta_X,Chlorophyceae,Chlamydomonadales,Chlamydomonadales_X,,,0.766293151
3542879061b2d05651da5e36d557723b,Eukaryota,Archaeplastida,Chlorophyta,Chlorophyta_X,Chlorophyceae,Chlamydomonadales,Chlamydomonadales_X,,,0.754263233
2386f0d6026ed696f3e107cf8a787997,Eukaryota,Archaeplastida,Chlorophyta,Chlorophyta_X,Chlorophyceae,Chlamydomonadales,Chlamydomonadales_X,Ettlia,Ettlia_carotinosa,0.915022534
48cb34f5d02b057e56316f742a375b6b,Eukaryota,Archaeplastida,Chlorophyta,Chlorophyta_X,Chlorophyceae,Chlamydomonadales,Chlamydomonadales_X,Ettlia,Ettlia_carotinosa,0.933667277
3200c335dec3d53bc81d7bfdcc797922,Eukaryota,Archaeplastida,Chlorophyta,Chlorophyta_X,Chlorophyceae,Chlamydomonadales,Chlamydomonadales_X,Ettlia,Ettlia_carotinosa,0.916483579
7b77019ab3d8e11c213662fc61179472,Eukaryota,Archaeplastida,Chlorophyta,Chlorophyta_X,Chlorophyceae,Chlamydomonadales,Chlamydomonadales_X,Ettlia,Ettlia_carotinosa,0.918270218
bf4a70b4f0aa6dbb7b39e24b59d00a61,Eukaryota,Archaeplastida,Chlorophyta,Chlorophyta_X,Chlorophyceae,Chlamydomonadales,Chlamydomonadales_X,Ettlia,Ettlia_carotinosa,0.921166814
d8e55314b3a1834c46071a5fd6f349b3,Eukaryota,Archaeplastida,Chlorophyta,Chlorophyta_X,Chlorophyceae,Chlamydomonadales,Chlamydomonadales_X,Ettlia,Ettlia_carotinosa,0.921742463
994f767dfc9f45c90e72ab93ac025e7c,Eukaryota,Archaeplastida,Chlorophyta,Chlorophyta_X,Chlorophyceae,,,,,0.890895499
b21ba9f06e44a218c58db6c65d58fdfd,Eukaryota,Archaeplastida,Chlorophyta,Chlorophyta_X,Chlorophyceae,,,,,0.88987805
be0fb5ee1a89a011e7540610e67dfd1f,Eukaryota,Archaeplastida,Chlorophyta,Chlorophyta_X,Chlorophyceae,,,,,0.890690109
a7d561a5e2674dedf82a93fc81ce6d13,Eukaryota,Archaeplastida,Chlorophyta,Chlorophyta_X,Chlorophyceae,,,,,0.911243858
4a81ed91900e1fd51087a94a505573b6,Eukaryota,Archaeplastida,Chlorophyta,Chlorophyta_X,Chlorophyceae,Sphaeropleales,Sphaeropleales_X,Mychonastes,,0.94968833
e81fc29e3b6c5a8d160cc1d661ac9af3,Eukaryota,Archaeplastida,Chlorophyta,Chlorophyta_X,Chlorophyceae,Sphaeropleales,Sphaeropleales_X,Mychonastes,,0.949773616
eaf838bf054453b80f5236ba7a156b62,Eukaryota,Archaeplastida,Chlorophyta,Chlorophyta_X,Chlorophyceae,Sphaeropleales,Sphaeropleales_X,Mychonastes,,0.94883594
c2431dd82fb4320aaa11825251cd9cab,Eukaryota,Archaeplastida,Chlorophyta,Chlorophyta_X,Chlorophyceae,Sphaeropleales,Sphaeropleales_X,Mychonastes,,0.949789387
c065a75531405d840113ed348a1f54ac,Eukaryota,Archaeplastida,Chlorophyta,Chlorophyta_X,Chlorophyceae,Sphaeropleales,Sphaeropleales_X,Mychonastes,,0.947652325
34014cce605f89ace2f25fb75142d28c,Eukaryota,Archaeplastida,Chlorophyta,Chlorophyta_X,Chlorophyceae,Sphaeropleales,Sphaeropleales_X,Mychonastes,,0.94898972
a5ca2c05248aee3b673ca3c478319dc0,Eukaryota,Archaeplastida,Chlorophyta,Chlorophyta_X,Chlorophyceae,Chlamydomonadales,Chlamydomonadales_X,,,0.825501558
56ba763dafe04f82badac210b63b576d,Eukaryota,Archaeplastida,Chlorophyta,Chlorophyta_X,Chlorophyceae,Chlamydomonadales,Chlamydomonadales_X,,,0.824329407
8394bd4ddae9d1369855421ec2720637,Eukaryota,Archaeplastida,Chlorophyta,Chlorophyta_X,Chlorophyceae,Chlamydomonadales,Chlamydomonadales_X,,,0.823996598
0d2481ee02c6f8a9218830c31786c25d,Eukaryota,Archaeplastida,Chlorophyta,Chlorophyta_X,Chlorophyceae,Chlamydomonadales,Chlamydomonadales_X,,,0.907707892
8fb257eda5f34fcf22a33d816b8ba84c,Eukaryota,Archaeplastida,Chlorophyta,Chlorophyta_X,Chlorophyceae,Chlamydomonadales,Chlamydomonadales_X,,,0.894880463
cdc73abc8b4bf1bceddcd16720c7d6a8,Eukaryota,Archaeplastida,Chlorophyta,Chlorophyta_X,Chlorophyceae,Chlamydomonadales,Chlamydomonadales_X,,,0.897327587
d7b9c11364b91a83fa56adf1088752a0,Eukaryota,Archaeplastida,Chlorophyta,Chlorophyta_X,Chlorophyceae,Chlamydomonadales,Chlamydomonadales_X,,,0.897291414
28b6a456131df3f35adb3d2dfd0a1ffd,Eukaryota,Archaeplastida,Chlorophyta,Chlorophyta_X,Chlorophyceae,Chlamydomonadales,Chlamydomonadales_X,,,0.892833229
de1965622f99e8e9b53b1f4e48e14d18,Eukaryota,Archaeplastida,Chlorophyta,Chlorophyta_X,Chlorophyceae,Chlamydomonadales,Chlamydomonadales_X,,,0.887395342
cd4949abe0f96c545a78ad13ab877526,Eukaryota,Archaeplastida,Chlorophyta,Chlorophyta_X,Chlorophyceae,Chlamydomonadales,Chlamydomonadales_X,,,0.913139204
687f7d4200d356c977bab47b1fdf6527,Eukaryota,Archaeplastida,Chlorophyta,Chlorophyta_X,Chlorophyceae,Chlamydomonadales,Chlamydomonadales_X,,,0.916733083
d0e7c916bad41d0ea7a36421ba29fc47,Eukaryota,Archaeplastida,Chlorophyta,Chlorophyta_X,Chlorophyceae,Chlamydomonadales,Chlamydomonadales_X,,,0.915327349
7b8fe0bb93bb39892016811e04e9b38c,Eukaryota,Archaeplastida,Chlorophyta,Chlorophyta_X,Chlorophyceae,Chlamydomonadales,Chlamydomonadales_X,,,0.916615723
546654d7cbd136b4825dd153aa806806,Eukaryota,Archaeplastida,Chlorophyta,Chlorophyta_X,Chlorophyceae,Chlamydomonadales,Chlamydomonadales_X,,,0.915311477
bfb56126104110319234669a30a0047e,Eukaryota,Archaeplastida,Chlorophyta,Chlorophyta_X,Chlorophyceae,Chlamydomonadales,Chlamydomonadales_X,,,0.909847932
f478e7ba0ea8fee6e2662b301cf3cfe0,Eukaryota,Archaeplastida,Chlorophyta,Chlorophyta_X,Chlorophyceae,Chlamydomonadales,Chlamydomonadales_X,,,0.718489732
f3027f033de8bf55cb6620e804f79c71,Eukaryota,Archaeplastida,Chlorophyta,Chlorophyta_X,Chlorophyceae,Chlamydomonadales,Chlamydomonadales_X,,,0.721731025
240fd66eefe6aec2392df27242104c8e,Eukaryota,Archaeplastida,Chlorophyta,Chlorophyta_X,Chlorophyceae,Chlamydomonadales,Chlamydomonadales_X,,,0.730538373
f0d3fd9d7681c087db7d1c5ae94b2396,Eukaryota,TSAR,Rhizaria,Cercozoa,Filosa-Sarcomonadea,Cercomonadida,Paracercomonadidae,Paracercomonas,,0.99944654
f11b2131ed6c61b02554717661a4187a,Eukaryota,TSAR,Rhizaria,Cercozoa,Filosa-Sarcomonadea,Cercomonadida,Paracercomonadidae,Paracercomonas,,0.999515113
662198cd00b36474d8f780cf90337569,Eukaryota,TSAR,Rhizaria,Cercozoa,Filosa-Sarcomonadea,Cercomonadida,Paracercomonadidae,Paracercomonas,,0.999995537
80c959a961d66e07b8c59a92528b4041,Eukaryota,TSAR,Rhizaria,Cercozoa,Filosa-Sarcomonadea,Cercomonadida,Paracercomonadidae,Paracercomonas,,0.999994501
69382272039da8cec44a595e186f1859,Eukaryota,,,,,,,,,0.997432311
c58feba1bea8ca6b4a39fdbe7f8ecb9a,Eukaryota,,,,,,,,,0.99785485
16755480033d8a399c716a3d9a718e1c,Eukaryota,,,,,,,,,0.998144618
3a8ba2707176a7492ae1c5070016b1cc,Eukaryota,,,,,,,,,0.997778474
47c88e9a9eda7f0c27eb380757c391a4,Eukaryota,,,,,,,,,0.997663878
26f5621a347a875d1d5c261afc4c2b59,Eukaryota,Obazoa,Opisthokonta,Metazoa,,,,,,0.711640483
551bd0db7161b66d971f69bf2bd91744,Eukaryota,,,,,,,,,0.995754883
87154c178946bbadf0242cec1d48e275,Eukaryota,Obazoa,Opisthokonta,,,,,,,0.921818159
bd6e5eec512cad6f6aa3b6295cef8d2f,Eukaryota,Obazoa,Opisthokonta,,,,,,,0.925744279
cff313dca7f50cf0df5733065cd22899,Eukaryota,Obazoa,Opisthokonta,,,,,,,0.935973545
35bccafe61e5fc0d7af38eaa3e91d114,Eukaryota,Obazoa,Opisthokonta,,,,,,,0.919274359
6509d95d93330472ef8f2775b3b6861d,Eukaryota,Obazoa,Opisthokonta,,,,,,,0.923417173
014a39ff28a5840c3bb7700758bcf8e9,Eukaryota,Obazoa,Opisthokonta,,,,,,,0.920998096
8ca57bbf9fe819fbdbe8328257b9bdab,Eukaryota,TSAR,Stramenopiles,Gyrista,Bacillariophyceae,,,,,0.993173714
9a0a86a80da128e0891e2ac32817209a,Eukaryota,TSAR,Stramenopiles,Gyrista,Bacillariophyceae,,,,,0.992581427
06abcac86193f3fdfd418a225866a167,Eukaryota,TSAR,Stramenopiles,Gyrista,Bacillariophyceae,,,,,0.992903813
ca51f039647ec377a26fabacb11b5dce,Eukaryota,TSAR,Stramenopiles,Gyrista,Bacillariophyceae,,,,,0.993089646
adec56844a93b05236cfc4450ea9a0c1,Eukaryota,TSAR,Stramenopiles,Gyrista,Bacillariophyceae,,,,,0.992560435
fc2308e8613d0c5b4439d3056cc7cd5b,Eukaryota,TSAR,Stramenopiles,Gyrista,Bacillariophyceae,,,,,0.993150658
9cddbc858849927bd95b51e92801457a,Eukaryota,Obazoa,Opisthokonta,,,,,,,0.99076264
4fc7e259e2e2728b1bd1606c609b6cc4,Eukaryota,Obazoa,Opisthokonta,,,,,,,0.990219053
42860437598598721d3ea1c9bbc1e508,Eukaryota,Obazoa,Opisthokonta,Fungi,,,,,,0.93097658
3ce4992c0abdcd4c9714fe782b1ede88,Eukaryota,TSAR,Alveolata,Colponemidia,Colponemidia_X,Colponemida,Colponemidae,Colponema,Colponema_edaphicum,0.878441268
362aa451d96ed418dc55aa6d4a4395cf,Eukaryota,,,,,,,,,0.996370021
76f8d59c4b662ffbf16acc791d262da4,Eukaryota,,,,,,,,,0.995467497
d7a174c480e253c3dbb40a4babcd031d,Eukaryota,Amoebozoa,Tubulinea,Tubulinea_X,Elardia,Euamoebida,Hartmannellidae,,,0.7969018
874b261e84dfa101f7a95d48ab3bdcd4,Eukaryota,Amoebozoa,Tubulinea,Tubulinea_X,Elardia,Euamoebida,Hartmannellidae,,,0.767832207
e2fbb00144509710f92d23bf07a57379,Eukaryota,Amoebozoa,Tubulinea,Tubulinea_X,Elardia,Euamoebida,Hartmannellidae,,,0.753719944
dc2fa0b44719106ac0387ffa74cc564d,Eukaryota,Amoebozoa,Tubulinea,Tubulinea_X,Elardia,Euamoebida,Hartmannellidae,,,0.779676515
d444c049058bb35ad7ece6e996e85e29,Eukaryota,Amoebozoa,Tubulinea,Tubulinea_X,Elardia,Euamoebida,Hartmannellidae,,,0.742096779
7a498fe313c7b27773a62488dc8da3f4,Eukaryota,Amoebozoa,Tubulinea,Tubulinea_X,Elardia,Euamoebida,Hartmannellidae,,,0.774184509
2628f5c594c893be6be69a54224d3f4d,Eukaryota,,,,,,,,,0.938399195
98486f171a34b8df8a7f922a33265309,Eukaryota,,,,,,,,,0.940224363
42aae39a05eb8a438981bf5d9fc4c643,Eukaryota,,,,,,,,,0.918861658
894d4b06e7ccc227583aa1ea0d271e16,Eukaryota,,,,,,,,,0.936814574
5333a5a62c65dea91fe5916b9cec018a,Eukaryota,,,,,,,,,0.902744552
5fcff193c6a082136cf04f6f707ce6cc,Eukaryota,,,,,,,,,0.989856735
b377c5e70cae00f5ad8dec0734068f75,Eukaryota,,,,,,,,,0.989137499
575c6da100d67a45754afbb788a7ad7d,Eukaryota,TSAR,Stramenopiles,,,,,,,0.79174464
a1041211405433b8b9995c8d86b2eed2,Eukaryota,TSAR,Stramenopiles,,,,,,,0.767548848
a2f83af0740c3967f75e0b6d06948658,Eukaryota,TSAR,Stramenopiles,,,,,,,0.731580447
e0c8142ce6251c4a8f54331714c3391f,Eukaryota,TSAR,Stramenopiles,,,,,,,0.716905801
a4ebbc862f6898b0377cc849f26909ca,Eukaryota,TSAR,Stramenopiles,,,,,,,0.748103895
b69d954a5f2e7d729ec9dd043b7a3356,Eukaryota,Obazoa,Opisthokonta,Metazoa,Rotifera,Rotifera_X,Rotifera_XX,Adineta,Adineta_vaga,0.87335112
4c0056de68a6d148f45716b641a82926,Eukaryota,Obazoa,Opisthokonta,Metazoa,Rotifera,Rotifera_X,Rotifera_XX,Adineta,Adineta_vaga,0.876733323
47df5444308ca2ed7d9d1af227808960,Eukaryota,,,,,,,,,0.983662919
3407ab773c325ce3a7815b1dc7410b03,Eukaryota,,,,,,,,,0.986044857
78953f9481117d192779745b023fecba,Eukaryota,,,,,,,,,0.986805218
068554ebe4d99fddc3acce38d31fd33c,Eukaryota,,,,,,,,,0.986291698
2e40fb9a152547498aec5b996fc53b8c,Eukaryota,,,,,,,,,0.983114951
26ff130b15e9480f992e2c5dda6c993c,Eukaryota,,,,,,,,,0.985788975
050c098fd473a4211fa83b96a4c068b8,Eukaryota,Amoebozoa,Discosea,Discosea_X,Flabellinia,Vannellida,Vannellidae,Vannella,Vannella_contorta,0.996500184
c4c95373a53667d3dfa6e9072dc3112f,Eukaryota,Amoebozoa,Discosea,Discosea_X,Flabellinia,Vannellida,Vannellidae,Vannella,Vannella_contorta,0.997706556
a06f38aa26b08d16ad9fba6ee3e30c81,Eukaryota,Amoebozoa,Discosea,Discosea_X,Flabellinia,Vannellida,Vannellidae,Vannella,Vannella_contorta,0.997328097
2872ddf4ba00afe3e05e2d7b16c79648,Eukaryota,TSAR,,,,,,,,0.737028191
0ee27b8cace1b67e9d3ce55dfbd78666,Eukaryota,TSAR,Stramenopiles,,,,,,,0.704328555
f06a3befbb7f20e8d0670eae14828113,Eukaryota,TSAR,,,,,,,,0.768083553
65454dd7555d4ce609beebfb736f23e1,Eukaryota,TSAR,Stramenopiles,,,,,,,0.701869101
261687f4af88d4dd0302d4168cc13a41,Eukaryota,TSAR,,,,,,,,0.784037049
aa7fad0ec7dff653dd6a5a8a056989d4,Eukaryota,TSAR,,,,,,,,0.746854942
ab3d0aa86e075f8eef396c7b9b34ca69,Eukaryota,TSAR,Rhizaria,Cercozoa,Filosa-Imbricatea,Euglyphida,Paulinellidae,Paulinella,Paulinella_chromatophora,0.817425004
541551c3b752654edc2075185f2ef867,Eukaryota,TSAR,Rhizaria,Cercozoa,Filosa-Imbricatea,Euglyphida,Paulinellidae,Paulinella,Paulinella_chromatophora,0.777593824
1b2afb9af1129ce0426c3db54b5ba7de,Eukaryota,TSAR,Rhizaria,Cercozoa,Filosa-Imbricatea,Euglyphida,Paulinellidae,Paulinella,Paulinella_chromatophora,0.783123881
0686bec22356fee5c23710265ad19404,Eukaryota,TSAR,Rhizaria,Cercozoa,Filosa-Imbricatea,Euglyphida,Paulinellidae,Paulinella,Paulinella_chromatophora,0.779184031
372e994468346cb9327ab096b0d44250,Eukaryota,TSAR,Rhizaria,Cercozoa,Filosa-Imbricatea,Euglyphida,Paulinellidae,Paulinella,Paulinella_chromatophora,0.768470409
6ff89889df3457874e99f69f3b90ca3f,Eukaryota,TSAR,Rhizaria,Cercozoa,Filosa-Imbricatea,Euglyphida,Paulinellidae,Paulinella,Paulinella_chromatophora,0.782766024
31bc0fcdaafa0aa5b2ca47d968dd711e,Eukaryota,,,,,,,,,0.995987437
ae3240274dbead76560c837f05f83af9,Eukaryota,,,,,,,,,0.992970265
8695a88ada0a056ac3dc8edafab0f393,Eukaryota,,,,,,,,,0.98388646
00f4e0e202ecaf7539fca1a8bc735f61,Eukaryota,,,,,,,,,0.98897576
b2b6ec7ae39af9f430a93b4420eb97e8,Eukaryota,,,,,,,,,0.989923144
1ef8e600dad9d1c2737e0c40f3a7304d,Eukaryota,,,,,,,,,0.988798497
f7d6936933a4f15527fbdcef72d2b144,Eukaryota,,,,,,,,,0.987740076
0e3c5f9af84dfee16d823787a9fb17b6,Eukaryota,,,,,,,,,0.987106469
0ed000e72f9a155eceefac53d7aefbcb,Eukaryota,TSAR,Rhizaria,Cercozoa,Filosa-Sarcomonadea,Cercomonadida,Cercomonadidae,Cercomonas,,0.82913721
05b3a0248c7a78b3fc3ded2381e3c59a,Unassigned,,,,,,,,,0.851327567
2761ecef7b380e70f951abee6cf62b11,Unassigned,,,,,,,,,0.850802716
8a4a09e21d71dd499b75a0391de6cbd1,Eukaryota,,,,,,,,,0.989741967
acad22e146ea99f6186ef87ab1904f96,Eukaryota,,,,,,,,,0.989017677
2ae7b6e32ababd939c83302712db91be,Eukaryota,,,,,,,,,0.979355496
3a5fb67b0041f7cc6a2815a09c10c887,Eukaryota,,,,,,,,,0.996977639
baf1d843c895e7356f967e9ec983211b,Eukaryota,,,,,,,,,0.996995962
4fa869399bcf8640d7709729e36d23eb,Eukaryota,,,,,,,,,0.996892463
9f7a667618a991744ce1bbf1fdbfc551,Eukaryota,,,,,,,,,0.994167795
1b9c66375e36ca6dc5fe14cbf930e8f2,Eukaryota,,,,,,,,,0.993784389
e5f8fee6d63dd0e92e0e06659e7db099,Eukaryota,Obazoa,Opisthokonta,,,,,,,0.870144091
fd7c9b04b6b781a069fce806e6ddeefb,Eukaryota,,,,,,,,,0.993950162
0900ce5bc49cd5979972be0db99326ba,Eukaryota,,,,,,,,,0.993509554
b06e7cd0cada9b4319ba566d94b6f671,Eukaryota,TSAR,Alveolata,Dinoflagellata,Dinophyceae,Peridiniales,Thoracosphaeraceae,Stoeckeria,Stoeckeria_sp.,0.768180432
bc6c9d2cd011d770d90ed39501ace771,Eukaryota,TSAR,Alveolata,Dinoflagellata,Dinophyceae,Peridiniales,Thoracosphaeraceae,Stoeckeria,Stoeckeria_sp.,0.767515071
c9f4fdc715c61e473f3f979a4890cac6,Eukaryota,TSAR,Alveolata,Dinoflagellata,Dinophyceae,,,,,0.99981431
878b83190f75ce64e839377bd631daa9,Eukaryota,TSAR,Alveolata,Dinoflagellata,Dinophyceae,,,,,0.999814086
95e52afb467d7797674cd8e13ec5117f,Eukaryota,TSAR,Alveolata,Dinoflagellata,Dinophyceae,,,,,0.999837682
8635903e102d8f4605945902f5b44f19,Eukaryota,TSAR,Alveolata,Dinoflagellata,Dinophyceae,,,,,0.996963274
bb53011d7651fa284f445d871a0f57fa,Eukaryota,TSAR,Alveolata,Dinoflagellata,Dinophyceae,,,,,0.9970777
2ca4c365f2bde05c5ec072f072fddd4e,Eukaryota,TSAR,Alveolata,Dinoflagellata,Dinophyceae,,,,,0.997219491
b758dcfdaebf4381f69ad930be2d23a2,Eukaryota,TSAR,Alveolata,Dinoflagellata,Dinophyceae,,,,,0.9973899
185048755d7ecbe4602443098ae0e0ee,Eukaryota,TSAR,Alveolata,Dinoflagellata,Dinophyceae,,,,,0.997078455
85f008cacaf27eb03c116999f41744cd,Eukaryota,TSAR,Alveolata,Dinoflagellata,Dinophyceae,,,,,0.997095325
acf0b5206bb7f730c3f7a5ab5b622d2f,Eukaryota,Archaeplastida,Chlorophyta,Chlorophyta_X,Chlorophyceae,Sphaeropleales,Sphaeropleales_X,,,0.97938207
4c8aff6feb50eacedb24f0bc884abb4d,Eukaryota,Archaeplastida,Chlorophyta,Chlorophyta_X,Chlorophyceae,Sphaeropleales,Sphaeropleales_X,,,0.980827514
b3bf1fb905a9cd998c2a9baafc82a737,Eukaryota,Archaeplastida,Chlorophyta,Chlorophyta_X,Chlorophyceae,Sphaeropleales,Sphaeropleales_X,,,0.981114825
246fe0b183ce19f226b65e9aadd0a1fe,Eukaryota,Archaeplastida,Chlorophyta,Chlorophyta_X,Chlorophyceae,Sphaeropleales,Sphaeropleales_X,,,0.981805277
9f4f161fc55063d1ec936b1c310be89a,Eukaryota,,,,,,,,,0.99121514
d340f6c2469c4f324d137f6a0afc4c07,Eukaryota,,,,,,,,,0.994195643
3e53f85fce7290ca9136388cb32d6af0,Eukaryota,,,,,,,,,0.994542822
ff905505ee26c58c8aa0b4e28e90d5bf,Eukaryota,,,,,,,,,0.996450997
fa320b7b8bf3cea5445ec75965e68188,Eukaryota,TSAR,Rhizaria,Cercozoa,Endomyxa,Vampyrellida,Sey055-lineage,Sey055-lineage_X,Sey055-lineage_X_sp.,0.778498242
5d929de21a77339aadbe81ce6cd4a892,Eukaryota,TSAR,Rhizaria,Cercozoa,Endomyxa,Vampyrellida,Sey055-lineage,Sey055-lineage_X,Sey055-lineage_X_sp.,0.78079112
2e95f38f49ca09a4d553e8f604397f13,Eukaryota,TSAR,Rhizaria,Cercozoa,Endomyxa,Vampyrellida,Sey055-lineage,Sey055-lineage_X,Sey055-lineage_X_sp.,0.766477147
9eb87ec0aaf216c19167568ebd809b5f,Eukaryota,TSAR,Stramenopiles,,,,,,,0.905817049
f919f3f8500f8f3da94ca37fb909f4e2,Eukaryota,TSAR,Stramenopiles,,,,,,,0.918031026
6e052dae98c86a4d1cd25008f284c7f2,Eukaryota,TSAR,Stramenopiles,,,,,,,0.886188506
05672ffa291d95c714e7d103b100ccda,Eukaryota,TSAR,Stramenopiles,,,,,,,0.912220581
f31ca4ea0213a229bba59b3414f5ba3a,Eukaryota,TSAR,Stramenopiles,,,,,,,0.755655751
cbfc637c8a51aa9a594f31dfdebc67d8,Eukaryota,TSAR,Stramenopiles,,,,,,,0.782845795
8c365edf56fcd1014188d1556af6903d,Eukaryota,TSAR,Stramenopiles,,,,,,,0.769394343
4527b3a9e836e15de1b8b05c803edd98,Eukaryota,TSAR,Stramenopiles,,,,,,,0.720792041
c6831d944ac17e0f02cc6b00a3e48f11,Eukaryota,TSAR,Stramenopiles,,,,,,,0.756807326
1423f0f1db0d4065d3c6197b4bc824e5,Eukaryota,TSAR,Stramenopiles,,,,,,,0.709006179
5bd7c3ac37f5406e69aa04d1af01e2f0,Eukaryota,TSAR,Stramenopiles,,,,,,,0.754065478
362313a47287e751a823775b5053f068,Eukaryota,TSAR,,,,,,,,0.729919239
28c1bf5eddec4577cd2e554f0002a09f,Eukaryota,TSAR,,,,,,,,0.751383023
e24edf39397a11c45bb7c2dd9c560c35,Eukaryota,TSAR,,,,,,,,0.761150605
8737aca865b3061ad742b3be2f12fa4d,Eukaryota,TSAR,,,,,,,,0.730638611
6b0815c6a7671388a6f546f35727a323,Eukaryota,Haptista,Haptophyta,Haptophyta_X,Prymnesiophyceae,Isochrysidales,Isochrysidaceae,Isochrysis,Isochrysis_nuda,0.729405834
c1290f244cafb1bca4e2e5b888050b78,Eukaryota,Haptista,Haptophyta,Haptophyta_X,Prymnesiophyceae,Isochrysidales,Isochrysidaceae,Isochrysis,Isochrysis_nuda,0.730507182
92f341fad4fc59258b54ef684ec97a3b,Eukaryota,Haptista,Haptophyta,Haptophyta_X,Prymnesiophyceae,Isochrysidales,Isochrysidaceae,Isochrysis,Isochrysis_nuda,0.728163628
c13552d277153f6b89a84b2aa878cb4a,Eukaryota,Haptista,Haptophyta,Haptophyta_X,Prymnesiophyceae,Isochrysidales,Isochrysidaceae,Isochrysis,Isochrysis_nuda,0.723920304
3c67172cb73a6722ae01273abf904435,Eukaryota,Haptista,Haptophyta,Haptophyta_X,Prymnesiophyceae,Isochrysidales,Isochrysidaceae,Isochrysis,Isochrysis_nuda,0.730444332
3e87015a25ac8b4eea0384b0789c3d5c,Eukaryota,Haptista,Haptophyta,Haptophyta_X,Prymnesiophyceae,Isochrysidales,,,,0.854808838
e5bf4e54c048be10f75fdcd243f777ef,Eukaryota,Haptista,Haptophyta,Haptophyta_X,Prymnesiophyceae,Isochrysidales,,,,0.772769368
b75d81a7256a60bc503288f544ac0e43,Eukaryota,Haptista,Haptophyta,Haptophyta_X,Prymnesiophyceae,Isochrysidales,,,,0.772919831
bbdf4650e5013e211a661bdaaf71c588,Eukaryota,Haptista,Haptophyta,Haptophyta_X,Prymnesiophyceae,Isochrysidales,,,,0.771010612
7f163d01f8b839157709d18d4c789f61,Eukaryota,Haptista,Haptophyta,Haptophyta_X,Prymnesiophyceae,Isochrysidales,,,,0.772926077
489a3d532ebedc3ca18de268f15b8e9d,Eukaryota,Haptista,Haptophyta,Haptophyta_X,Prymnesiophyceae,Isochrysidales,,,,0.767757793
52f7dbedc2fd6e1aa5d5c38c9f08dd07,Eukaryota,Haptista,Haptophyta,Haptophyta_X,Prymnesiophyceae,Isochrysidales,,,,0.772850235
5bfa78a51b4ade0b193fa25a4eb50a56,Eukaryota,Haptista,Haptophyta,Haptophyta_X,Prymnesiophyceae,Isochrysidales,,,,0.730926965
9fa5a42ed2a1d4a6dbb395276b45413a,Eukaryota,Haptista,Haptophyta,Haptophyta_X,Prymnesiophyceae,Isochrysidales,,,,0.732335727
c80c57eaeddefbcb1c666cb691683650,Eukaryota,Haptista,Haptophyta,Haptophyta_X,Prymnesiophyceae,Isochrysidales,,,,0.729026525
d5d2adcfe7e07bf14761c752c0d28345,Eukaryota,Haptista,Haptophyta,Haptophyta_X,Prymnesiophyceae,Isochrysidales,,,,0.726160165
7108244541b6258598cba51c1f9e312e,Eukaryota,Haptista,Haptophyta,Haptophyta_X,Prymnesiophyceae,Isochrysidales,,,,0.73189449
8f5f2990856f11ee3b679f3ac05db17d,Unassigned,,,,,,,,,0.897706766
068646fb1fa9d0f5561d7e83b9ae64ed,Eukaryota,Haptista,Centroplasthelida,Centroplasthelida_X,,,,,,0.991026921
d064af843446606227bff5c9f28b06cd,Eukaryota,Haptista,Centroplasthelida,Centroplasthelida_X,,,,,,0.990803537
c829928142d3ce2419379e7760882d73,Eukaryota,Haptista,Haptophyta,Haptophyta_X,Pavlovophyceae,Pavlovales,Pavlovaceae,Diacronema,Diacronema_vlkianum,0.856451144
57355f7e1dfcdedc6a93f49ee19037b9,Eukaryota,Haptista,Haptophyta,Haptophyta_X,Pavlovophyceae,Pavlovales,Pavlovaceae,Diacronema,Diacronema_vlkianum,0.855753477
7461f7f321b9d2301b7b97bd8e5790ee,Eukaryota,Haptista,Haptophyta,Haptophyta_X,Pavlovophyceae,Pavlovales,Pavlovaceae,Diacronema,Diacronema_vlkianum,0.884364431
184e0c78d0ccc08c2950667150c84003,Eukaryota,,,,,,,,,0.99369915
875a582dc9c38369ece1fbe39b64a2a0,Eukaryota,,,,,,,,,0.993819199
47449ad51ee8d813d0a2e5127e0f9f27,Eukaryota,,,,,,,,,0.993755955
e1ee3890c5be96feeb80138dfcd6df58,Eukaryota,,,,,,,,,0.993494289
0e70c2d27f2df49d7a42a462b4462183,Eukaryota,TSAR,Alveolata,,,,,,,0.979886402
dfc08f9f0460193098dc324a4643ac73,Eukaryota,TSAR,Alveolata,,,,,,,0.975087391
611755dbb90d0f5deb10e64bb3512115,Eukaryota,TSAR,Alveolata,,,,,,,0.9798119
d555b28f7d44e5783b447f6b83b3fa95,Eukaryota,TSAR,Alveolata,,,,,,,0.979201139
35116a6c9f9ba103d25140111f1befd7,Eukaryota,TSAR,Alveolata,,,,,,,0.979128793
123f3abe264eaae523d8174ecf742acd,Eukaryota,,,,,,,,,0.987877928
5e8e748b3f688c044c08984b825cef56,Eukaryota,TSAR,Stramenopiles,Gyrista,,,,,,0.859083126
521a0d5e5e352bd2d2e61518ae3ca539,Eukaryota,TSAR,Stramenopiles,Gyrista,,,,,,0.866440267
ae2741dee730d1c4cc52a18b9540d182,Eukaryota,Obazoa,Opisthokonta,Fungi,Basidiomycota,Ustilaginomycotina,Exobasidiomycetes,Malassezia,Malassezia_sp.,0.8538424
8ccf175a30a0eb1e4ef0efbc4300f285,Eukaryota,TSAR,Rhizaria,Cercozoa,Filosa-Thecofilosea,Cryomonadida,Protaspa-lineage,Protaspa,,0.72741577
8b52c1f86384519df6e3aa252afbcbbd,Eukaryota,Obazoa,Opisthokonta,,,,,,,0.995609701
3c71a4689eb5a67823fb9c3a750ff0ba,Eukaryota,Obazoa,Opisthokonta,,,,,,,0.996637575
be80f387bb941d1a799e155acb52dec1,Eukaryota,Obazoa,Opisthokonta,Choanoflagellata,Choanoflagellatea,Acanthoecida,Acanthoecidae_Group_G,Acanthoecidae_Group_G_X,Acanthoecidae_Group_G_X_sp.,0.723569141
5b70a12a1bfbc30f6061c2270444bdd4,Eukaryota,Obazoa,Opisthokonta,,,,,,,0.995738623
c43749d2cce236ab79750253f65b5348,Eukaryota,Obazoa,Opisthokonta,,,,,,,0.997545925
167e117c62efd3f2d80f2f9001f7dfee,Eukaryota,Obazoa,Opisthokonta,Choanoflagellata,Choanoflagellatea,Acanthoecida,,,,0.705933135
0cee0544872a887ba14598005d75f671,Eukaryota,Obazoa,Opisthokonta,,,,,,,0.996547797
f42abe00eb52009339b1793be3bd0771,Eukaryota,Obazoa,Opisthokonta,Choanoflagellata,Choanoflagellatea,Acanthoecida,,,,0.717926511
221d98c7b22532c5425f369d622fa3bd,Eukaryota,Obazoa,Opisthokonta,Choanoflagellata,Choanoflagellatea,Acanthoecida,Acanthoecidae_Group_G,Acanthoecidae_Group_G_X,Acanthoecidae_Group_G_X_sp.,0.748377822
dc44ba2439f8c899c31eb31d55973704,Eukaryota,Obazoa,Opisthokonta,,,,,,,0.996745471
007c68cc77ef5c9ff4205d7d2305fd35,Eukaryota,Obazoa,Opisthokonta,Choanoflagellata,Choanoflagellatea,Acanthoecida,Acanthoecidae_Group_G,,,0.764438793
0a5694fe2ad933a93b376201fba3302e,Eukaryota,Obazoa,Opisthokonta,Choanoflagellata,Choanoflagellatea,Acanthoecida,Acanthoecidae_Group_G,Acanthoecidae_Group_G_X,Acanthoecidae_Group_G_X_sp.,0.71510136
0121062501d1f00675ba17270f7bf50c,Eukaryota,,,,,,,,,0.998442053
01d7eafa1a6a36b5752769d453fdb9d1,Eukaryota,,,,,,,,,0.998467439
762919650bc4f79fadd55b329135528e,Eukaryota,,,,,,,,,0.998380574
a8ec2f6dcbb00a2dfed5cc706aff864f,Eukaryota,Cryptista,Cryptophyta,Cryptophyta_X,Cryptophyceae,Cryptomonadales,Cryptomonadales_X,,,0.850578306
c7cf39f1027eec4f676abed22dc579bd,Eukaryota,Cryptista,Cryptophyta,Cryptophyta_X,Cryptophyceae,Cryptomonadales,Cryptomonadales_X,,,0.851035223
3d3d20abb60413ddfe9a9801092eb22d,Eukaryota,Cryptista,Cryptophyta,Cryptophyta_X,Cryptophyceae,Cryptomonadales,Cryptomonadales_X,,,0.852411107
1c9d71dd968841057c58806e2f64d0bd,Eukaryota,Cryptista,Cryptophyta,Cryptophyta_X,Cryptophyceae,Cryptomonadales,Cryptomonadales_X,,,0.870434679
4fefa782c0af07a5a59093b3200accac,Eukaryota,Cryptista,Cryptophyta,Cryptophyta_X,Cryptophyceae,Cryptomonadales,Cryptomonadales_X,,,0.872087713
5539edf4daad5030f856f6e33f591c0b,Eukaryota,Cryptista,Cryptophyta,Cryptophyta_X,Cryptophyceae,Cryptomonadales,Cryptomonadales_X,,,0.848322439
0302ddfb985f957739e05c9b754e934e,Eukaryota,Archaeplastida,Chlorophyta,Chlorophyta_X,,,,,,0.998810288
cfa2f67f84ef519b8b879cc0a8d9b598,Eukaryota,Archaeplastida,Chlorophyta,Chlorophyta_X,,,,,,0.998589496
e054f627ca211df50480841d42a9d450,Eukaryota,Archaeplastida,Chlorophyta,Chlorophyta_X,,,,,,0.998829555
69da56648c3dbe63cebab023f09986f2,Eukaryota,Archaeplastida,Chlorophyta,Chlorophyta_X,,,,,,0.998475778
fc0e5c376ce5dedcf8c4f13abcdb29db,Eukaryota,Archaeplastida,Chlorophyta,Chlorophyta_X,,,,,,0.998872288
6385d03653db3a550e977cb305defb58,Eukaryota,Archaeplastida,Chlorophyta,Chlorophyta_X,Trebouxiophyceae,Chlorellales,Chlorellales_X,Chlorella,Chlorella_antarctica,0.924862873
e491f781774628e35b0dc60ad0645f04,Eukaryota,Archaeplastida,Chlorophyta,Chlorophyta_X,Trebouxiophyceae,Chlorellales,Chlorellales_X,Chlorella,Chlorella_antarctica,0.926945051
dfdfb97ee8753769601d5f970dd5edcc,Eukaryota,Archaeplastida,Chlorophyta,Chlorophyta_X,Trebouxiophyceae,Chlorellales,Chlorellales_X,Chlorella,Chlorella_antarctica,0.926157153
e46cabd2d80e61e848fa7576d1a6ac9b,Eukaryota,Archaeplastida,Chlorophyta,Chlorophyta_X,Trebouxiophyceae,Chlorellales,Chlorellales_X,Chlorella,Chlorella_antarctica,0.927484771
97484ccfe44efd2a893a82cf33fb07ce,Eukaryota,Archaeplastida,Chlorophyta,Chlorophyta_X,Trebouxiophyceae,Chlorellales,Chlorellales_X,Chlorella,Chlorella_antarctica,0.92424561
380688a8fbbcfbae5aa3d6b2524a5d76,Eukaryota,Archaeplastida,Chlorophyta,Chlorophyta_X,Trebouxiophyceae,Chlorellales,Chlorellales_X,Chlorella,Chlorella_antarctica,0.92567466
7bd341c7d91cb6963415580e599e80b2,Eukaryota,Archaeplastida,Chlorophyta,Chlorophyta_X,Trebouxiophyceae,Chlorellales,Chlorellales_X,,,0.983827925
018a354582b8525c7966c487768c4b9f,Eukaryota,Archaeplastida,Chlorophyta,Chlorophyta_X,Trebouxiophyceae,Chlorellales,Chlorellales_X,,,0.979937976
f79e4b6c17e271ad1bbe982a8f6eb072,Eukaryota,Archaeplastida,Chlorophyta,Chlorophyta_X,Trebouxiophyceae,Chlorellales,Chlorellales_X,,,0.974497044
b46acc1a48bfb21dd4a5ae29a2abbfa1,Eukaryota,Archaeplastida,Chlorophyta,Chlorophyta_X,Trebouxiophyceae,Chlorellales,Chlorellales_X,,,0.9750245
992a541a6007205cc29a76249d4ec839,Eukaryota,Archaeplastida,Chlorophyta,Chlorophyta_X,Trebouxiophyceae,Chlorellales,Chlorellales_X,,,0.973748754
561b1e52cf9c0f420cb064680f965b1c,Eukaryota,Archaeplastida,Chlorophyta,Chlorophyta_X,Trebouxiophyceae,Chlorellales,Chlorellales_X,,,0.972272855
a38e94736ebc013e8171d21ca14f51d4,Eukaryota,TSAR,Rhizaria,Cercozoa,Filosa-Sarcomonadea,Cercomonadida,Paracercomonadidae,Paracercomonas,,0.898652663
3e83191aa5ad55374d516b9c1801d7bd,Eukaryota,TSAR,Rhizaria,Cercozoa,Filosa-Sarcomonadea,Cercomonadida,Paracercomonadidae,Paracercomonas,,0.939951202
b0d02d864d97a7562e8cca8fd8e39eaa,Eukaryota,TSAR,Rhizaria,Cercozoa,Filosa-Sarcomonadea,Cercomonadida,Paracercomonadidae,Paracercomonas,,0.911098858
3cf77e073801a840e57d3a1e6af80ff0,Eukaryota,,,,,,,,,0.994856575
7d202f8a52dfaf4a5380a4c904df378f,Eukaryota,,,,,,,,,0.994460159
a117e84bc7f4e1ee9d4888c973bd6082,Eukaryota,,,,,,,,,0.997411723
ca7fce71599222c08a52378d5f08cea1,Eukaryota,TSAR,Stramenopiles,Gyrista,Dictyochophyceae,Dictyochophyceae_X,Pedinellales,Pteridomonas,Pteridomonas_danica,0.786616671
9fde076477950d8e36aa43cc63a7ce04,Eukaryota,TSAR,Stramenopiles,Gyrista,Dictyochophyceae,Dictyochophyceae_X,Pedinellales,Pteridomonas,Pteridomonas_danica,0.786616754
42744de5209426d9310ad7150a147bcd,Eukaryota,TSAR,Stramenopiles,Gyrista,Dictyochophyceae,Dictyochophyceae_X,Pedinellales,Pteridomonas,Pteridomonas_danica,0.785785465
6db02f28c33c00559a3df345c9de52c7,Eukaryota,TSAR,Stramenopiles,Gyrista,Bacillariophyceae,,,,,0.992229561
2391f1907ab383b89923350c249aeb61,Eukaryota,TSAR,Stramenopiles,Gyrista,Bacillariophyceae,,,,,0.998524319
6d770adc4fe3241e468e08503072b1bc,Eukaryota,TSAR,Stramenopiles,Gyrista,Bacillariophyceae,,,,,0.99840778
69d7a6c19e9a4ca4ab461ae748aa6eac,Eukaryota,TSAR,Stramenopiles,Gyrista,Bacillariophyceae,,,,,0.998990823
791c9e93ae9ef0b6bab986d6e551618b,Eukaryota,TSAR,Stramenopiles,Gyrista,Bacillariophyceae,,,,,0.999090206
93c6950b33b7bb6ad864cb022482ef1e,Eukaryota,TSAR,Stramenopiles,Gyrista,Bacillariophyceae,,,,,0.999065557
ab171930071c45d26ab82d5a7662f82a,Eukaryota,TSAR,Stramenopiles,Gyrista,Bacillariophyceae,,,,,0.998958245
aa08ba5099f03b7905687c22063ee4a1,Eukaryota,TSAR,Stramenopiles,Gyrista,Bacillariophyceae,,,,,0.998957706
8f7407bfa4ec8f6b7db4987d6aa8a2cf,Eukaryota,TSAR,Stramenopiles,Gyrista,Bacillariophyceae,,,,,0.999059565
eedca3876cf40f356647bf0ff9400902,Eukaryota,TSAR,Stramenopiles,Gyrista,Bacillariophyceae,,,,,0.998967769
6a5a99c0c48118bf05830350d1dbf956,Eukaryota,TSAR,Stramenopiles,Gyrista,Bacillariophyceae,,,,,0.999065137
2a319cb8eee0d5cb15afd76af796c561,Eukaryota,TSAR,Stramenopiles,Gyrista,Bacillariophyceae,,,,,0.999089232
2af8a0ff7e61c0e7d680bc0a32d6a429,Eukaryota,TSAR,Stramenopiles,Gyrista,Bacillariophyceae,,,,,0.998984248
f94504cd0ad1d93b79450d944a9342b4,Eukaryota,TSAR,Stramenopiles,Gyrista,,,,,,0.984814292
f9c011c1f1ec0b974a6fd141e846fcc5,Eukaryota,TSAR,Stramenopiles,Gyrista,,,,,,0.982965939
4bf3c0d554aea66081757be555ddff42,Eukaryota,TSAR,Rhizaria,Cercozoa,Filosa-Sarcomonadea,Glissomonadida,,,,0.906178572
76791ec5cb1ab85ff864d26c4f333168,Eukaryota,,,,,,,,,0.999333974
9107191da98de7b13067dd20f5b798d6,Eukaryota,,,,,,,,,0.999430524
42ce6318161129e6e034e32ecb5c027f,Eukaryota,,,,,,,,,0.99940934
d823643c7e9ad7b85206d45c6851d23d,Eukaryota,TSAR,Rhizaria,Cercozoa,Filosa-Granofilosea,Massiterida,Massiteriidae,Massisteria,Massisteria_marina,0.899079452
f50c0e31186dc82fb6ccb1a232b29869,Eukaryota,TSAR,Rhizaria,Cercozoa,Filosa-Granofilosea,Massiterida,Massiteriidae,Massisteria,Massisteria_marina,0.91982609
562c2d1c2378427edb6309a7dee29c24,Eukaryota,Archaeplastida,Chlorophyta,Chlorophyta_X,Chlorophyceae,,,,,0.766729116
6d3f479f31fca474eb4bce35aa0cc168,Eukaryota,Archaeplastida,Chlorophyta,Chlorophyta_X,Chlorophyceae,,,,,0.759844285
5058d6d28a51a5dda3d29f0a304104a8,Eukaryota,Archaeplastida,Chlorophyta,Chlorophyta_X,Chlorophyceae,,,,,0.754491803
1849c87a75add3a1f5175f05ceadd1dd,Eukaryota,Archaeplastida,Chlorophyta,Chlorophyta_X,Chlorophyceae,,,,,0.773810592
fe25522ef7a3de8e0e5d2e3e47cc2959,Eukaryota,Archaeplastida,Chlorophyta,Chlorophyta_X,Chlorophyceae,,,,,0.762743025
38e819a067d50281cb89a6d33b636146,Eukaryota,Archaeplastida,Chlorophyta,Chlorophyta_X,Chlorophyceae,,,,,0.766377384
b413bfcbcc7f1a41fee233db21b72ff3,Eukaryota,TSAR,Rhizaria,Cercozoa,Filosa-Sarcomonadea,Cercomonadida,Paracercomonadidae,Paracercomonas,,0.862274052
38d89c927f2de67fcc45aba8977cd119,Eukaryota,TSAR,Stramenopiles,Gyrista,Eustigmatophyceae,Eustigmatophyceae_X,Eustigmatophyceae_XX,Nannochloropsis,Nannochloropsis_oceanica,0.91615238
594d78d439aacd4ed44cf771b0c87a1f,Eukaryota,TSAR,Stramenopiles,Gyrista,Eustigmatophyceae,Eustigmatophyceae_X,Eustigmatophyceae_XX,Nannochloropsis,Nannochloropsis_oceanica,0.915300399
142111c8c0d0c2b39794af80df278e7e,Eukaryota,TSAR,Stramenopiles,Gyrista,Eustigmatophyceae,Eustigmatophyceae_X,Eustigmatophyceae_XX,Nannochloropsis,Nannochloropsis_oceanica,0.916020581
08041217f50373bdbfe072eff633c98d,Eukaryota,TSAR,Stramenopiles,Gyrista,Eustigmatophyceae,Eustigmatophyceae_X,Eustigmatophyceae_XX,Nannochloropsis,Nannochloropsis_oceanica,0.917000403
a9dc47f3d8929472207c54269c34fa3e,Eukaryota,TSAR,Stramenopiles,Gyrista,Eustigmatophyceae,Eustigmatophyceae_X,Eustigmatophyceae_XX,Nannochloropsis,Nannochloropsis_oceanica,0.91114957
9fe1960214376ccb34a95759c8e31e50,Eukaryota,TSAR,Stramenopiles,Gyrista,Eustigmatophyceae,Eustigmatophyceae_X,Eustigmatophyceae_XX,Nannochloropsis,Nannochloropsis_oceanica,0.917018761
4fb89a1db700653762dda7dd861f24b4,Eukaryota,,,,,,,,,0.973726288
0adb802309dc1d89a99a10369fecabe3,Eukaryota,Excavata,Discoba,Euglenozoa,Euglenida,Petalomonadida,Scytomonadidae,Petalomonas,Petalomonas_cantuscygni,0.999863064
871d1b03849bae2f24a7c9c3538d5b0a,Eukaryota,Excavata,Discoba,Euglenozoa,Euglenida,Petalomonadida,Scytomonadidae,Petalomonas,Petalomonas_cantuscygni,0.999862986
9c3b6dc3d19ce7952848d6a15235126f,Eukaryota,TSAR,Stramenopiles,Bigyra,Bicoecea,Anoecales,Cafeteriaceae,Cafeteria,Cafeteria_sp.,0.947156386
146f46875c9536450f59b21b809e1a73,Eukaryota,TSAR,Stramenopiles,Bigyra,Bicoecea,Anoecales,Cafeteriaceae,Cafeteria,Cafeteria_sp.,0.94442421
d857d9a1c99cea6cbd23cfa5b6933643,Eukaryota,TSAR,Stramenopiles,Bigyra,Bicoecea,Anoecales,Cafeteriaceae,Cafeteria,Cafeteria_sp.,0.947159501
d3c9b9445923ae544192405a66a64917,Eukaryota,TSAR,Stramenopiles,Bigyra,Bicoecea,Anoecales,Cafeteriaceae,Cafeteria,Cafeteria_sp.,0.940310494
4c9307ef42525773996a9e1c849d0e13,Eukaryota,,,,,,,,,0.991890021
2a98b5e371c20206d9d7542a488748a7,Eukaryota,,,,,,,,,0.991590737
77a1f581e891cf50e13cabc5e9cc00b3,Eukaryota,,,,,,,,,0.993094988
ba60bb7817b64901eb60dbd369b7108d,Eukaryota,,,,,,,,,0.991469484
963cbf07344e1173e6448fe92b8cd1a3,Eukaryota,,,,,,,,,0.99299286
55e62014c83434dd9bf229d7f12cfa13,Eukaryota,,,,,,,,,0.993992175
